date,clip,meeting,minutes_doc,status,items_logged,notes
2017-01-19,1474,Regular Board Meeting,a40d831b-e73d-11e6-8893-00219ba2f017,pending,,
2017-01-26,1479,Regular Board Meeting,6d3d8c10-b2d8-11e8-a2a6-0050569183fa,pending,,
2017-02-02,1480,Regular Board Meeting,da2974e3-eaaa-11e6-8893-00219ba2f017,pending,,
2017-02-09,1493,Regular Board Meeting,eb1e8a26-b2e5-11e8-a2a6-0050569183fa,pending,,
2017-02-16,1496,Regular Board Meeting,53e4ded6-0baf-11e7-8893-00219ba2f017,pending,,
2017-02-23,1498,Regular Board Meeting,d87ffbdb-18d6-11e7-8893-00219ba2f017,pending,,
2017-03-02,1500,Regular Board Meeting,5d075f9f-b5e2-11e8-a2a6-0050569183fa,pending,,
2017-03-09,1508,Regular Board Meeting,080a47e6-b5f5-11e8-a2a6-0050569183fa,pending,,
2017-03-16,1512,Regular Board Meeting,d0c47640-1342-11e7-8893-00219ba2f017,pending,,
2017-03-23,1515,Regular Board Meeting,6e6e881f-7996-11e8-a691-00505691de41,pending,,
2017-04-06,1530,Regular Board Meeting,e255c544-29ec-11e7-b9a7-00219ba2f017,pending,,
2017-04-13,1532,Regular Board Meeting,fd1c974a-2a14-11e7-b9a7-00219ba2f017,pending,,
2017-04-20,1536,Regular Board Meeting,54272d82-b063-11e8-a2a6-0050569183fa,pending,,
2017-04-26,1547,Budget Public Hearing A,b7810c69-b062-11e8-a2a6-0050569183fa,pending,,
2017-04-27,1542,Regular Board Meeting,5a96acff-2b7c-11e7-b9a7-00219ba2f017,pending,,
2017-05-03,1553,Public Budget Hearing B,051244f6-b063-11e8-a2a6-0050569183fa,pending,,
2017-05-04,1554,Regular Board Meeting,8ac9fefb-3b41-11e7-b9a7-00219ba2f017,pending,,
2017-05-10,1560,Budget Public Hearing C,c4f0becc-c29a-11e8-a2a6-0050569183fa,pending,,
2017-05-11,1558,Regular Board Meeting,d380f074-3a93-11e7-b9a7-00219ba2f017,pending,,
2017-05-18,1568,Regular Board Meeting,1cd9dda6-70e5-11e7-b9a7-00219ba2f017,pending,,
2017-05-25,1588,Regular Board Meeting,b0d1f248-6b1a-11e7-b9a7-00219ba2f017,pending,,
2017-06-01,1572,Regular Board Meeting,53f17e1f-6c45-11e7-b9a7-00219ba2f017,pending,,
2017-06-08,1574,Regular Board Meeting,813efb90-5613-11e7-b9a7-00219ba2f017,pending,,
2017-06-15,1575,Regular Board Meeting,e3c96d6e-61ce-11e7-b9a7-00219ba2f017,pending,,
2017-06-22,1577,Regular Board Meeting,eaa91f30-5d00-11e7-b9a7-00219ba2f017,pending,,
2017-06-29,1579,Regular Board Meeting,14f3eeb7-c01d-11e8-a2a6-0050569183fa,pending,,
2017-07-13,1585,Regular Board Meeting,6395a98f-6a8c-11e7-b9a7-00219ba2f017,pending,,
2017-07-20,1594,Regular Board Meeting,2dacdcb1-c0ef-11e8-a2a6-0050569183fa,pending,,
2017-07-27,1597,Regular Board Meeting,4b770d77-7712-11e7-b9a7-00219ba2f017,pending,,
2017-08-03,1599,Regular Board Meeting,b9fa5018-7edd-11e7-b9a7-00219ba2f017,pending,,
2017-08-31,1605,Regular Board Meeting,25bce9d9-8f5c-11e7-8661-00505691bffa,pending,,
2017-09-07,1609,Regular Board Meeting,32823d4d-c119-11e8-a2a6-0050569183fa,pending,,
2017-09-13,1615,Joint Meeting - HD 38 Appointment,31fdb0af-a318-11e7-b89c-00505691de41,pending,,
2017-09-14,1612,Regular Board Meeting,f84c22a6-c114-11e8-a2a6-0050569183fa,pending,,
2017-09-28,1618,Regular Board Meeting,f7d31213-a568-11e7-b89c-00505691de41,pending,,
2017-10-05,1621,Regular Board Meeting,8c64637f-aa1e-11e7-b89c-00505691de41,pending,,
2017-10-19,1628,Regular Board Meeting,3d2ec77d-bb69-11e7-9d6f-00505691de41,pending,,
2017-10-26,1629,Regular Board Meeting,1850c1be-b06a-11e8-a2a6-0050569183fa,pending,,
2017-11-02,1631,Regular Board Meeting,2e9405a1-ca5b-11e7-95a0-00505691de41,pending,,
2017-11-09,1633,Regular Board Meeting,17515d2b-b6da-11e8-a2a6-0050569183fa,pending,,
2017-11-16,1636,Regular Board Meeting,96d48032-cbe0-11e7-95a0-00505691de41,pending,,
2017-11-29,1644,Joint Meeting - HD 52 Appointment,673770d7-f729-11e7-8dcb-00505691de41,pending,,
2017-11-30,1640,Regular Board Meeting,b3e7ce4e-b860-11e8-a2a6-0050569183fa,pending,,
2017-12-07,1649,Regular Board Meeting,cf2a3a59-f70d-11e7-8dcb-00505691de41,pending,,
2017-12-14,1651,Regular Board Meeting,37634997-f62b-11e7-8dcb-00505691de41,pending,,
2017-12-21,1652,Regular Board Meeting,75565387-f58f-11e7-8dcb-00505691de41,pending,,
2018-01-04,1657,Regular Board Meeting,ce6d908a-c5c5-11e8-a2a6-0050569183fa,pending,,
2018-01-11,1662,Regular Board Meeting,713916a3-f7ea-11e7-8dcb-00505691de41,pending,,
2018-01-18,1664,Regular Board Meeting,ddb0ab71-6f31-11e8-a2fd-00505691de41,pending,,
2018-01-25,1665,Regular Board Meeting,92c0713b-06c1-11e8-8dcb-00505691de41,pending,,
2018-01-29,1672,Joint Meeting - SD 19 Appointment,1e2f0f96-289b-11e8-8a08-00505691de41,pending,,
2018-02-01,1669,Regular Board Meeting,1d12c46e-7022-11e8-a2fd-00505691de41,pending,,
2018-02-08,1671,Regular Board Meeting,82c2668e-b065-11e8-a2a6-0050569183fa,pending,,
2018-02-15,1675,Regular Board Meeting,09c39835-c730-11e8-a2a6-0050569183fa,pending,,
2018-03-01,1686,Regular Board Meeting,f25c432d-23ec-11e8-b7a5-00505691de41,pending,,
2018-03-08,1687,Regular Board Meeting,68ff5930-8b9f-11e8-a691-00505691de41,pending,,Granicus's minutes link for this meeting serves the agenda; minutes not found yet.
2018-03-15,1691,Regular Board Meeting,c789fe4f-2c88-11e8-8a08-00505691de41,pending,,
2018-03-22,1696,Regular Board Meeting,04306b4d-3218-11e8-9a96-00505691de41,pending,,
2018-04-05,1698,Regular Board Meeting,b793b3a8-7351-11e8-a691-00505691de41,pending,,
2018-04-12,1700,Regular Board Meeting,1bea2729-7346-11e8-a691-00505691de41,pending,,
2018-04-19,1702,Regular Board Meeting,216fc122-733b-11e8-a691-00505691de41,pending,,
2018-04-26,1704,Regular Board Meeting,a922b103-6e87-11e8-9e05-00505691de41,pending,,
2018-05-02,1712,Public Hearing A - IRCO,c2918a59-c2a0-11e8-a2a6-0050569183fa,pending,,
2018-05-03,1709,Regular Board Meeting,49ff7eaa-6e79-11e8-9e05-00505691de41,pending,,
2018-05-09,1715,Public Hearing B - Multco Bldg,71420408-8939-11e8-a691-00505691de41,pending,,
2018-05-10,1716,Regular Board Meeting,03ad76e9-7334-11e8-a691-00505691de41,pending,,
2018-05-16,1789,Public Hearing C - East County,e5180ab4-96a4-11e8-85d7-00505691de41,pending,,
2018-05-17,1723,Regular Board Meeting,0fa5bb8f-6e7b-11e8-9e05-00505691de41,pending,,
2018-05-24,1731,Regular Board Meeting,ee21dc2a-68eb-11e8-8074-00505691de41,pending,,
2018-05-31,1776,Regular Board Meeting,c1febcbb-68e8-11e8-8074-00505691de41,pending,,
2018-06-07,1781,Regular Board Meeting,98faac4a-6b59-11e8-9329-00505691de41,pending,,
2018-06-14,1786,Regular Board Meeting,c890ddc4-732e-11e8-a691-00505691de41,pending,,
2018-06-21,1790,Regular Board Meeting,159cc5e9-7995-11e8-a691-00505691de41,pending,,
2018-06-28,1795,Regular Board Meeting,eba8200b-8933-11e8-a691-00505691de41,pending,,
2018-07-12,1796,Regular Board Meeting,2d3ec3a6-b058-11e8-a2a6-0050569183fa,pending,,
2018-07-19,1799,Regular Board Meeting,0d053bc8-b058-11e8-a2a6-0050569183fa,pending,,
2018-07-26,1800,Regular Board Meeting,f7e5a80f-9c2a-11e8-aa59-00505691de41,pending,,
2018-08-16,1802,Regular Board Meeting,f6381ba3-ac97-11e8-b023-00505691de41,pending,,
2018-08-23,1804,Regular Board Meeting,801ab70f-abb4-11e8-acb0-00505691de41,pending,,
2018-08-30,1805,Regular Board Meeting,463e633a-c28a-11e8-a2a6-0050569183fa,pending,,
2018-09-06,1808,Regular Board Meeting,78f5b40f-b612-11e8-a2a6-0050569183fa,pending,,
2018-09-11,1809,County/City Joint Meeting - JOHS,927196a8-e204-11e8-9302-0050569183fa,pending,,
2018-09-13,1811,Regular Board Meeting,678e4e8d-c28a-11e8-a2a6-0050569183fa,pending,,
2018-09-20,1814,Regular Board Meeting,1475424f-c28a-11e8-a2a6-0050569183fa,pending,,
2018-09-27,1816,Regular Board Meeting,7f6d6fdc-c290-11e8-a2a6-0050569183fa,pending,,
2018-10-04,1817,Regular Board Meeting,8aa2144b-cb26-11e8-a2a6-0050569183fa,pending,,
2018-10-11,1820,Regular Board Meeting,d31cd7be-cda2-11e8-a2a6-0050569183fa,pending,,
2018-10-25,1821,Regular Board Meeting,032c90a9-d947-11e8-9302-0050569183fa,pending,,
2018-11-01,1823,Regular Board Meeting,97729c88-decc-11e8-9302-0050569183fa,pending,,
2018-11-08,1825,Regular Board Meeting,e0d12c5f-e79e-11e8-9302-0050569183fa,pending,,
2018-11-15,1827,Regular Board Meeting,d028ba23-ec47-11e8-9afa-0050569183fa,pending,,
2018-11-29,1832,Regular Board Meeting,2538eff2-07ca-11e9-b021-0050569183fa,pending,,
2018-12-13,1836,Regular Board Meeting,76c261c8-053f-11e9-b021-0050569183fa,pending,,
2018-12-20,1837,Regular Board Meeting,0ff0ae0a-07a8-11e9-b021-0050569183fa,pending,,
2019-01-03,1839,Regular Board Meeting,72fc21ba-1070-11e9-b021-0050569183fa,pending,,
2019-01-17,1841,Regular Board Meeting,10d5606d-1f34-11e9-b021-0050569183fa,pending,,
2019-01-24,1843,Regular Board Meeting,4b2a5776-2022-11e9-b021-0050569183fa,pending,,
2019-01-31,1846,Regular Board Meeting,6fac21f9-298f-11e9-b021-0050569183fa,pending,,
2019-02-07,1848,Regular Board Meeting,340625c9-2fc7-11e9-b021-0050569183fa,pending,,
2019-02-28,1853,Regular Board Meeting,dc5b15da-3b9b-11e9-b021-0050569183fa,pending,,
2019-03-07,1854,Regular Board Meeting,8d788834-469b-11e9-aee3-0050569183fa,pending,,
2019-03-14,1857,Regular Board Meeting,af36a26b-469c-11e9-aee3-0050569183fa,pending,,
2019-03-21,1860,Regular Board Meeting,f0771def-571e-11e9-aee3-0050569183fa,pending,,
2019-03-28,1862,Regular Board Meeting,55a4c2fc-519e-11e9-aee3-0050569183fa,pending,,
2019-04-04,1864,Regular Board Meeting,1558ea47-5b15-11e9-aee3-0050569183fa,pending,,
2019-04-11,1866,Regular Board Meeting,f0fb080c-5d41-11e9-aee3-0050569183fa,pending,,
2019-04-18,1869,Regular Board Meeting,037dc3c0-66ad-11e9-a164-0050569183fa,pending,,
2019-04-25,1871,Regular Board Meeting,83344428-67a9-11e9-a164-0050569183fa,pending,,
2019-04-29,1879,Public Hearing #1 - IRCO,6b1f1373-b7c2-11e9-b703-0050569183fa,pending,,
2019-05-02,1876,Regular Board Meeting,821d85e5-7116-11e9-a164-0050569183fa,pending,,
2019-05-08,1883,Public Hearing #2 - Multco Bldg,4b2577cd-8323-11e9-848a-0050569183fa,pending,,
2019-05-09,1884,Regular Board Meeting,74f0326b-7c18-11e9-a084-0050569183fa,pending,,
2019-05-14,1892,Public Hearing C - East County,d17fc70b-bf89-11e9-b703-0050569183fa,pending,,
2019-05-16,1887,Regular Board Meeting,2abcdead-7e61-11e9-a084-0050569183fa,pending,,
2019-05-22,1894,Public Hearing #4 - Roosevelt HS,afb97bae-a734-11e9-b703-0050569183fa,pending,,
2019-05-23,1895,Regular Board Meeting,91983827-8181-11e9-848a-0050569183fa,pending,,
2019-05-30,1898,Regular Board Meeting,b0f996d6-8bad-11e9-848a-0050569183fa,pending,,
2019-06-06,1900,Regular Board Meeting,ee87fd1b-8d63-11e9-848a-0050569183fa,pending,,
2019-06-13,1901,Regular Board Meeting,05e1e720-92c5-11e9-b00b-0050569183fa,pending,,
2019-06-20,1904,Regular Board Meeting,d1ae5904-9760-11e9-b00b-0050569183fa,pending,,
2019-06-27,1905,Regular Board Meeting,cce6378f-9f57-11e9-b00b-0050569183fa,pending,,
2019-07-11,1906,Regular Board Meeting,cdcf1fbe-aa4f-11e9-b703-0050569183fa,pending,,
2019-07-18,1911,Regular Board Meeting,bdbb0a73-ad8e-11e9-b703-0050569183fa,pending,,
2019-07-25,1913,Regular Board Meeting,b5e344d4-b49b-11e9-b703-0050569183fa,pending,,
2019-08-08,1915,Regular Board Meeting,4f9304d6-bebc-11e9-b703-0050569183fa,pending,,
2019-08-29,1917,Regular Board Meeting,769e564f-e6e4-11e9-9542-0050569183fa,pending,,
2019-09-12,1919,Regular Board Meeting,36e36f68-d8ca-11e9-9542-0050569183fa,pending,,
2019-09-19,1921,Regular Board Meeting,2ed41e24-dfd5-11e9-9542-0050569183fa,pending,,
2019-09-26,1923,Regular Board Meeting,e3d9ebc1-e0a2-11e9-9542-0050569183fa,pending,,
2019-10-03,1924,Regular Board Meeting,04dc407b-ea18-11e9-9542-0050569183fa,pending,,
2019-10-10,1925,Regular Board Meeting,94ca4e88-efa4-11e9-9542-0050569183fa,pending,,
2019-10-17,1929,Regular Board Meeting,d1592108-f1fd-11e9-9542-0050569183fa,pending,,
2019-10-24,1932,Regular Board Meeting,28340936-f6a4-11e9-9542-0050569183fa,pending,,
2019-10-31,1934,Regular Board Meeting,608ccc32-01a7-11ea-9542-0050569183fa,pending,,
2019-11-07,1936,Regular Board Meeting,764478ab-07f5-11ea-8baa-0050569183fa,pending,,
2019-11-12,1938,Joint Meeting - JOHS,3974d027-0d6b-11ea-8baa-0050569183fa,pending,,
2019-11-14,1939,Regular Board Meeting,61b29f17-07f7-11ea-8baa-0050569183fa,pending,,
2019-12-05,1941,Regular Board Meeting,d3c165d5-1ac8-11ea-a240-0050569183fa,pending,,
2019-12-05,1942,Public Hearing - East County,a5b62745-4df0-11ea-9ca4-0050569183fa,pending,,
2019-12-12,1948,Regular Board Meeting,c61a4197-2055-11ea-a240-0050569183fa,pending,,
2019-12-19,1949,Regular Board Meeting,158b367b-28ec-11ea-a240-0050569183fa,pending,,
2020-01-09,1951,Regular Board Meeting,e1cd8dbc-371e-11ea-a240-0050569183fa,done,2,
2020-01-16,1953,Board Meeting - HD 36 Appointment,466cb2bc-4c60-11ea-9ca4-0050569183fa,done,1,
2020-01-23,1956,Regular Board Meeting,b25ae96c-4215-11ea-9ca4-0050569183fa,done,1,
2020-01-30,1958,Regular Board Meeting,bdab3825-46d1-11ea-9ca4-0050569183fa,done,0,
2020-02-06,1959,Regular Board Meeting,535da98d-4dc5-11ea-9ca4-0050569183fa,done,1,
2020-02-13,1960,Regular Board Meeting,004c3c04-5280-11ea-9ca4-0050569183fa,done,0,
2020-02-20,1961,Regular Board Meeting,21dea4d7-54d4-11ea-9ca4-0050569183fa,done,1,
2020-02-27,1964,Regular Board Meeting,3df324c6-5a70-11ea-9ca4-0050569183fa,done,1,
2020-03-05,1966,Regular Board Meeting,26301067-6253-11ea-99b9-0050569183fa,done,1,
2020-03-12,1968,Regular Board Meeting,36ac4ab7-6942-11ea-99b9-0050569183fa,done,0,
2020-03-19,1972,Regular Board Meeting,0e55a383-6ae1-11ea-99b9-0050569183fa,done,2,
2020-04-02,1976,Regular Board Meeting,2f8e9926-7db7-11ea-99b9-0050569183fa,done,2,
2020-04-09,1984,Regular Board Meeting,d2d78a9d-7db2-11ea-99b9-0050569183fa,done,1,
2020-04-16,1992,Regular Board Meeting,52a4ead2-8409-11ea-99b9-0050569183fa,done,1,
2020-04-30,2000,Regular Board Meeting,60051460-8e3c-11ea-a2af-0050569183fa,done,0,
2020-05-07,2005,Regular Board Meeting,2679aaf0-93b0-11ea-a2af-0050569183fa,done,2,
2020-05-14,2012,Regular Board Meeting,c9a344c6-9b1c-11ea-a2af-0050569183fa,done,0,
2020-05-20,2022,Virtual Public Budget Hearing #1,775f1852-a5d2-11ea-9e08-0050569183fa,done,0,
2020-05-21,2025,Regular Board Meeting,8bcfbbf0-a1dc-11ea-9e08-0050569183fa,done,0,
2020-05-27,2038,Virtual Public Budget Hearing #2,8948a6ed-b537-11ea-888f-0050569183fa,done,0,
2020-05-28,2043,Regular Board Meeting,91a57901-b646-11ea-888f-0050569183fa,done,1,
2020-06-04,2054,Regular Board Meeting,57389548-baf3-11ea-93cb-0050569183fa,done,2,
2020-06-11,2062,Regular Board Meeting,5bdc992b-bc37-11ea-93cb-0050569183fa,done,0,
2020-06-18,2071,Regular Board Meeting,762127f1-c72e-11ea-93cb-0050569183fa,done,0,
2020-06-23,2082,Budget Adoption,0f648711-c735-11ea-93cb-0050569183fa,done,5,
2020-06-25,2087,Regular Board Meeting,ae42a8d7-cab7-11ea-93cb-0050569183fa,done,1,
2020-07-02,2089,Regular Board Meeting,8b8618fa-cacf-11ea-93cb-0050569183fa,done,3,
2020-07-09,2092,Special Meeting,153945f1-cbd2-11ea-93cb-0050569183fa,done,0,
2020-07-23,2098,Regular Board Meeting,c0939f69-d6d3-11ea-b5c3-0050569183fa,done,2,
2020-07-30,2100,Regular Board Meeting,da364e71-d8d6-11ea-b5c3-0050569183fa,done,0,
2020-08-06,2104,Regular Board Meeting,52b62968-e358-11ea-9419-0050569183fa,done,1,
2020-08-20,2108,Regular Board Meeting,6b50b2d8-f840-11ea-b6a9-0050569183fa,done,0,
2020-08-27,2110,Regular Board Meeting,595b227c-f846-11ea-b6a9-0050569183fa,done,0,
2020-09-03,2114,Regular Board Meeting,4d84b141-fe1f-11ea-b6a9-0050569183fa,done,2,
2020-09-10,2118,Regular Board Meeting,bc2deb73-034b-11eb-80dd-0050569183fa,done,1,
2020-09-17,2122,Regular Board Meeting,7ecfa221-041f-11eb-80dd-0050569183fa,done,0,
2020-09-24,2128,Regular Board Meeting,55362f12-0989-11eb-80dd-0050569183fa,done,4,
2020-10-01,2132,Regular Board Meeting,9f996f5b-0c48-11eb-80dd-0050569183fa,done,0,
2020-10-08,2136,Regular Board Meeting,4a71dc1b-1417-11eb-80dd-0050569183fa,done,0,
2020-10-15,2140,Regular Board Meeting,ecd61847-1968-11eb-a4b6-0050569183fa,done,1,
2020-10-22,2143,Regular Board Meeting,658bc93c-1faf-11eb-a4b6-0050569183fa,done,0,
2020-10-29,2149,Regular Board Meeting,08171b06-aa9b-11ee-bb82-0050569183fa,done,2,
2020-11-05,2153,Regular Board Meeting,e3f7407f-2a9e-11eb-a4b6-0050569183fa,done,0,
2020-11-12,2157,Regular Board Meeting,4935d1a3-333d-11eb-bc32-0050569183fa,done,0,
2020-11-19,2159,Regular Board Meeting,c90fcd0b-3abc-11eb-bc32-0050569183fa,done,0,
2020-12-03,2165,Regular Board Meeting,4154699e-43d5-11eb-920e-0050569183fa,done,1,
2020-12-10,2169,Regular Board Meeting,9e43e17a-455f-11eb-920e-0050569183fa,done,4,
2020-12-17,2173,Regular Board Meeting,9566d191-5a0b-11eb-920e-0050569183fa,done,5,
2021-01-07,2179,Regular Board Meeting,9b217e69-5c2d-11eb-920e-0050569183fa,done,2,
2021-01-14,2184,Regular Board Meeting,360e60de-612f-11eb-920e-0050569183fa,done,2,
2021-01-21,2188,Regular Board Meeting,bbbdb4ef-7bdb-11eb-96cb-0050569183fa,done,0,
2021-01-28,2190,Regular Board Meeting,87fd1026-7be0-11eb-96cb-0050569183fa,done,1,
2021-02-04,2197,Regular Board Meeting,2b38e121-811e-11eb-96cb-0050569183fa,done,0,
2021-02-11,2201,Regular Board Meeting,b93de891-9190-11eb-8549-0050569183fa,done,0,
2021-02-18,2203,Regular Board Meeting,9a27c791-d44e-11eb-bd7e-0050569183fa,done,1,
2021-02-25,2209,Regular Board Meeting,8f96560d-df78-11eb-9c7a-0050569183fa,done,1,
2021-03-11,2219,Regular Board Meeting,58fc75d9-e41b-11eb-b92a-0050569183fa,done,0,
2021-03-18,2223,Regular Board Meeting,31d5f41c-f480-11eb-81b1-0050569183fa,done,1,
2021-03-23,2348,HD 47 Appointment,f517f7df-f95b-11eb-81b1-0050569183fa,done,1,
2021-04-01,2230,Regular Board Meeting,6f3ec41a-aaa0-11ee-bb82-0050569183fa,done,1,
2021-04-08,2234,Regular Board Meeting,aa0d4340-043a-11ec-9f1e-0050569183fa,done,1,
2021-04-15,2238,Regular Board Meeting,7aed7363-09b8-11ec-9f1e-0050569183fa,done,3,
2021-04-22,2243,Regular Board Meeting,f65cf468-104e-11ec-9f1e-0050569183fa,done,2,
2021-04-29,2249,Regular Board Meeting,b5950289-1be2-11ec-9f1e-0050569183fa,done,1,
2021-05-05,2258,Virtual Public Budget Hearing #1,b495e062-aaa2-11ee-bb82-0050569183fa,done,0,
2021-05-06,2255,Regular Board Meeting,e3b4b281-aaa5-11ee-bb82-0050569183fa,done,0,
2021-05-12,2265,Virtual Public Budget Hearing #2,b85444c7-aaa6-11ee-bb82-0050569183fa,done,0,
2021-05-13,2273,Regular Board Meeting,915a10b7-2c52-11ec-88a7-0050569183fa,done,1,
2021-05-20,2297,Regular Board Meeting,70e35b6f-2d2e-11ec-88a7-0050569183fa,done,1,
2021-05-27,2313,Regular Board Meeting,cc98aab5-176f-11ec-9f1e-0050569183fa,done,2,
2021-06-03,2317,Regular Board Meeting,bb79b24f-f661-11eb-81b1-0050569183fa,done,5,
2021-06-10,2324,Regular Board Meeting,b44b3cc8-f5ab-11eb-81b1-0050569183fa,done,2,
2021-06-17,2329,Regular Board Meeting,75930bd2-f47f-11eb-81b1-0050569183fa,done,0,
2021-06-24,2334,Regular Board Meeting,83ef9102-f408-11eb-81b1-0050569183fa,done,3,
2021-07-08,2338,Regular Board Meeting,1f077909-f100-11eb-81b1-0050569183fa,done,1,
2021-07-15,2340,Regular Board Meeting,7afa2a60-f0dc-11eb-81b1-0050569183fa,done,1,
2021-07-22,2342,Regular Board Meeting,39c6d9f9-f020-11eb-81b1-0050569183fa,done,4,
2021-08-12,2351,Regular Board Meeting,f5954a71-0dfa-11ec-9f1e-0050569183fa,done,1,
2021-08-26,2356,Regular Board Meeting,06905f46-0de8-11ec-9f1e-0050569183fa,done,3,
2021-09-02,2360,Regular Board Meeting,f227ccc9-0d41-11ec-9f1e-0050569183fa,done,0,
2021-09-09,2364,Regular Board Meeting,be50b750-12bb-11ec-9f1e-0050569183fa,done,0,
2021-09-16,2366,Regular Board Meeting,dce4e6df-209d-11ec-9f1e-0050569183fa,done,0,
2021-09-23,2370,Regular Board Meeting,ecd729c2-20d0-11ec-9f1e-0050569183fa,done,0,
2021-09-30,2374,Regular Board Meeting,18842798-3d9a-11ec-a798-0050569183fa,done,3,
2021-10-07,2379,Regular Board Meeting,f81db62f-3db0-11ec-a798-0050569183fa,done,0,
2021-10-14,2383,Regular Board Meeting,b8e22ee4-41b7-11ec-a798-0050569183fa,done,1,
2021-10-21,2385,Regular Board Meeting,5115a912-4646-11ec-a798-0050569183fa,done,2,
2021-10-28,2390,Regular Board Meeting,3bf4e3ad-bc7f-11ed-acbc-0050569183fa,done,1,
2021-11-04,2394,Regular Board Meeting,3e412228-bc68-11ed-acbc-0050569183fa,done,0,
2021-11-09,2397,Special Meeting,50587006-b89c-11ed-acbc-0050569183fa,done,3,
2021-11-18,2403,Regular Board Meeting,4403200a-4cb8-11ec-a798-0050569183fa,done,0,
2021-11-29,2411,SD 18 Appointment,aa6c4553-5797-11ec-85e3-0050569183fa,done,1,
2021-12-02,2413,Regular Board Meeting,c483cf3a-b6fd-11ed-acbc-0050569183fa,done,0,
2021-12-16,2419,Regular Board Meeting,5393e6d4-d7cb-11ec-bbb4-0050569183fa,done,3,
2022-01-06,2422,Regular Board Meeting,cb66346d-7a41-11ec-b1e1-0050569183fa,done,1,
2022-01-13,2426,Regular Board Meeting,a79d14d9-7e2d-11ec-b1e1-0050569183fa,done,1,
2022-01-20,2431,Regular Board Meeting,acc954ce-b6c1-11ec-a5da-0050569183fa,done,1,
2022-01-27,2435,Regular Board Meeting,3d09103b-9b46-11ec-972b-0050569183fa,done,2,
2022-02-10,2442,Regular Board Meeting,de278eeb-904f-11ec-972b-0050569183fa,done,1,
2022-02-17,2444,Regular Board Meeting,0f094910-903f-11ec-972b-0050569183fa,done,1,
2022-02-24,2446,Regular Board Meeting,785db433-aa89-11ee-bb82-0050569183fa,done,0,
2022-03-03,2451,Regular Board Meeting,5aab4864-9b43-11ec-972b-0050569183fa,done,0,
2022-03-10,2456,Regular Board Meeting,16ad3831-a0c0-11ec-8a90-0050569183fa,done,0,
2022-03-17,2460,Regular Board Meeting,e831fb22-b51c-11ec-a5da-0050569183fa,done,1,
2022-03-31,2464,Regular Board Meeting,47acd130-b6ba-11ec-a5da-0050569183fa,done,0,
2022-04-07,2468,Regular Board Meeting,74343967-c1bd-11ec-a5da-0050569183fa,done,0,
2022-04-14,2473,Regular Board Meeting,cdaef28e-c5a2-11ec-a5da-0050569183fa,done,0,
2022-04-21,2476,Regular Board Meeting,46c5e4ca-d171-11ec-bbb4-0050569183fa,done,3,
2022-04-28,2481,Regular Board Meeting,895496e5-d174-11ec-bbb4-0050569183fa,done,0,
2022-05-05,2485,Regular Board Meeting,79d72681-19b2-11ed-b1ab-0050569183fa,done,2,
2022-05-12,2495,Regular Board Meeting,642eddd0-e6a8-11ec-9ad4-0050569183fa,done,1,
2022-05-18,2499,Virtual Public Budget Hearing #1,949ad45a-d7a9-11ec-bbb4-0050569183fa,done,0,
2022-05-19,2503,Regular Board Meeting,93d1ad78-e773-11ec-9ad4-0050569183fa,done,2,
2022-05-25,2512,Virtual Public Budget Hearing #2,3c7bcfce-353f-11ed-8da8-0050569183fa,done,0,
2022-06-01,2522,Virtual Public Budget Hearing #3,e782a2e4-45a0-11ed-95a3-0050569183fa,done,0,
2022-06-02,2528,Regular Board Meeting,80156493-0a0c-11ed-baa3-0050569183fa,done,0,
2022-06-09,2538,Regular Board Meeting,a0225113-ad80-11ed-8145-0050569183fa,done,1,
2022-06-16,2543,Regular Board Meeting,a44a22d2-ee61-11ec-9ad4-0050569183fa,done,5,
2022-06-23,2549,Regular Board Meeting,3c674b53-acc8-11ed-8145-0050569183fa,done,0,
2022-06-30,2552,Regular Board Meeting,f3726e57-093c-11ed-baa3-0050569183fa,done,1,
2022-07-14,2554,Regular Board Meeting,9f97de10-0951-11ed-baa3-0050569183fa,done,0,
2022-07-21,2556,Regular Board Meeting,bdda0046-19c1-11ed-b1ab-0050569183fa,done,0,
2022-07-28,2558,Regular Board Meeting,37dfc970-19c5-11ed-b1ab-0050569183fa,done,0,
2022-08-04,2562,Regular Board Meeting,27948416-347c-11ed-8da8-0050569183fa,done,1,
2022-08-11,2563,Regular Board Meeting,229cf634-353c-11ed-8da8-0050569183fa,done,1,
2022-08-18,2566,Regular Board Meeting,cf50da8d-2960-11ed-8da8-0050569183fa,done,0,
2022-09-08,2575,Regular Board Meeting,b2e6e323-3a95-11ed-8da8-0050569183fa,done,2,
2022-09-15,2577,Regular Board Meeting,08a5f17f-3aa0-11ed-8da8-0050569183fa,done,0,
2022-09-22,2582,Regular Board Meeting,477b5820-4425-11ed-95a3-0050569183fa,done,1,
2022-09-29,2583,Regular Board Meeting,16713ca6-4430-11ed-95a3-0050569183fa,done,0,
2022-10-06,2587,Regular Board Meeting,7177e83f-5bab-11ed-95a3-0050569183fa,done,3,
2022-10-13,2590,Regular Board Meeting,1f4879a2-5bb8-11ed-95a3-0050569183fa,done,1,
2022-10-20,2593,Regular Board Meeting,aad576dc-6148-11ed-95a3-0050569183fa,done,0,
2022-10-27,2598,Regular Board Meeting,d3792dbb-614f-11ed-95a3-0050569183fa,done,0,
2022-11-03,2603,Regular Board Meeting,6332d21c-75aa-11ed-9024-0050569183fa,done,0,
2022-11-10,2608,Regular Board Meeting,f287e48f-96cc-11ed-96ab-0050569183fa,done,1,
2022-11-17,2615,Regular Board Meeting,15b712b8-92d4-11ed-96ab-0050569183fa,done,2,
2022-11-28,2617,Public Hearing,051d84ae-774d-11ed-9024-0050569183fa,done,0,
2022-12-01,2623,Regular Board Meeting,63e225e5-9832-11ed-96ab-0050569183fa,done,3,
2022-12-08,2625,Regular Board Meeting,022be575-96c5-11ed-96ab-0050569183fa,done,1,
2022-12-15,2631,Regular Board Meeting A.M.,815e49eb-96ad-11ed-96ab-0050569183fa,done,2,
2022-12-15,2632,Regular Board Meeting P.M.,580c6d48-92c8-11ed-96ab-0050569183fa,done,4,
2023-01-05,2635,Regular Board Meeting,fd9b57bc-8d3b-11ed-9024-0050569183fa,done,1,
2023-01-19,2638,Regular Board Meeting,a648af8b-9b4f-11ed-96ab-0050569183fa,done,1,
2023-01-26,2640,Regular Board Meeting,11b9942a-a1ac-11ed-8145-0050569183fa,done,1,
2023-02-02,2644,Regular Board Meeting,5d7b39b0-ac03-11ed-8145-0050569183fa,done,0,
2023-02-16,2649,Regular Board Meeting,4e83c26b-b945-11ed-acbc-0050569183fa,done,0,
2023-02-23,2654,Regular Board Meeting - VIRTUAL,c49e872a-bc65-11ed-acbc-0050569183fa,done,0,
2023-03-09,2658,Regular Board Meeting,da1c65fa-bec6-11ed-acbc-0050569183fa,done,1,
2023-03-16,2660,Regular Board Meeting,126aeb5a-c43d-11ed-acbc-0050569183fa,done,1,
2023-03-23,2662,Regular Board Meeting,36a0f675-cf80-11ed-95dd-0050569183fa,done,0,
2023-04-06,2665,Regular Board Meeting,b183c4dc-e398-11ed-95dd-0050569183fa,done,0,
2023-04-13,2670,Regular Board Meeting,24be668b-e539-11ed-95dd-0050569183fa,done,1,
2023-04-20,2674,Regular Board Meeting,a27cab18-af0b-11ee-bb82-0050569183fa,done,2,
2023-04-27,2678,Regular Board Meeting,b6541455-ee97-11ed-95dd-0050569183fa,done,3,
2023-05-04,2684,Regular Board Meeting,20af8a48-eace-11ed-95dd-0050569183fa,done,1,
2023-05-10,2694,Virtual Public Budget Hearing #1,4d87d101-f515-11ed-95dd-0050569183fa,done,0,
2023-05-17,2711,In-Person Public Budget Hearing #2,3f359708-b013-11ee-bb82-0050569183fa,done,0,
2023-05-18,2710,Regular Board Meeting,e3c00825-f9a5-11ed-95dd-0050569183fa,done,1,
2023-05-25,2719,Regular Board Meeting,f4a0f46e-0011-11ee-95dd-0050569183fa,done,0,
2023-05-31,2729,Hybrid Public Budget Hearing #3,b2dc2753-1126-11ee-aabb-0050569183fa,done,0,
2023-06-01,2730,Regular Board Meeting,20f97d2b-ae59-11ee-bb82-0050569183fa,done,2,
2023-06-08,2741,Regular Board Meeting,4a66df7a-af0a-11ee-bb82-0050569183fa,done,6,
2023-06-15,2743,Regular Board Meeting,5d9dbc92-11fe-11ee-aabb-0050569183fa,done,1,
2023-06-22,2747,Regular Board Meeting,5960f9c3-b488-11ee-bb82-0050569183fa,done,2,
2023-06-29,2751,Regular Board Meeting,7e17add2-ae4f-11ee-bb82-0050569183fa,done,0,
2023-07-13,2753,Regular Board Meeting,8f4a4df9-24cc-11ee-b4fc-0050569183fa,done,0,
2023-07-20,2755,Regular Board Meeting,7f38df11-2c9a-11ee-b4fc-0050569183fa,done,1,
2023-07-27,2759,Regular Board Meeting,f8efaa8e-353f-11ee-9e9a-0050569183fa,done,0,
2023-08-03,2762,Regular Board Meeting,b67b9e12-42a8-11ee-9e9a-0050569183fa,done,1,
2023-08-10,2764,Regular Board Meeting,a820c5d4-4692-11ee-ae13-0050569183fa,done,0,
2023-08-24,2769,Regular Board Meeting,e8b58706-5666-11ee-ae13-0050569183fa,done,0,
2023-08-31,2774,Regular Board Meeting,ed5a55b2-b48c-11ee-bb82-0050569183fa,done,3,
2023-09-07,2778,Regular Board Meeting,5583bc5f-ae57-11ee-bb82-0050569183fa,done,1,
2023-09-14,2782,Regular Board Meeting,89ecad09-ae5a-11ee-bb82-0050569183fa,done,0,
2023-09-21,2785,Regular Board Meeting,7e16dbc1-5d6a-11ee-ae13-0050569183fa,done,0,
2023-09-22,2789,County/City Joint Meeting,78b5264f-5c86-11ee-ae13-0050569183fa,done,0,
2023-09-28,2793,Regular Board Meeting,0d10b0fd-0a7e-11f0-ab6a-005056a89546,done,1,
2023-09-28,2794,Board Meeting Cont'd,b6e290d8-abaa-11ee-bb82-0050569183fa,done,0,
2023-10-05,2798,Regular Board Meeting,7639c7ff-aa99-11ee-bb82-0050569183fa,done,3,
2023-10-12,2800,Regular Board Meeting,bed51be3-b005-11ee-bb82-0050569183fa,done,2,
2023-10-19,2804,Regular Board Meeting,3dda5d76-ab22-11ee-bb82-0050569183fa,done,2,
2023-10-26,2807,Regular Board Meeting,6cef5ade-7f19-11ee-852f-0050569183fa,done,1,
2023-11-09,2813,Regular Board Meeting,67df0eb6-938f-11ee-a93d-0050569183fa,done,0,
2023-11-16,2817,Regular Board Meeting,20c3e865-05a8-11f0-ab6a-005056a89546,done,4,
2023-11-30,2827,Regular Board Meeting,71896b2f-0421-11f0-ab6a-005056a89546,done,2,
2023-12-07,2830,Regular Board Meeting,14972fdd-aa6b-11ee-bb82-0050569183fa,done,2,R.1 and R.2 (Montavilla Community Village shelter construction plan and supplemental budget) were postponed indefinitely.
2023-12-07,2831,County/City Joint Meeting,a27e3e00-0f23-11f0-955d-005056a89546,done,0,
2023-12-14,2837,Regular Board Meeting,f6b64d9b-a5b6-11ee-bb82-0050569183fa,done,2,
2024-01-04,2841,Regular Board Meeting,c3e9e3f7-cc29-11ee-8fe8-0050569183fa,done,1,
2024-01-11,2845,Regular Board Meeting,c531cb90-bafe-11ee-8fe8-0050569183fa,done,0,
2024-01-18,2847,Regular Board Meeting - VIRTUAL,39ea32b2-b6f0-11ee-bb82-0050569183fa,done,2,
2024-02-01,2852,Regular Board Meeting,f4af2545-d005-11ee-8fe8-0050569183fa,done,1,
2024-02-08,2857,Regular Board Meeting,10122928-d022-11ee-8fe8-0050569183fa,done,0,
2024-02-15,2859,Regular Board Meeting,e6c275b9-d679-11ee-98bb-0050569183fa,done,0,Minutes are a .docx; no major votes found.
2024-02-22,2863,Regular Board Meeting,319e6360-d6db-11ee-98bb-0050569183fa,done,3,
2024-02-29,2870,Regular Board Meeting,cb6d0066-e88f-11ee-98bb-0050569183fa,done,1,
2024-03-07,2876,Regular Board Meeting,1006b437-e223-11ee-98bb-0050569183fa,done,1,
2024-03-12,2879,County/City Joint Meeting,bac70238-effc-11ee-b231-0050569183fa,done,0,
2024-03-14,2881,Regular Board Meeting,04fb74e2-f1ea-11ee-b231-0050569183fa,done,1,
2024-03-21,2885,Regular Board Meeting,a6d71a54-e8a4-11ef-a9e2-005056a89546,done,0,
2024-04-04,2889,Regular Board Meeting,d2794ed4-043d-11f0-ab6a-005056a89546,done,0,
2024-04-11,2892,Regular Board Meeting,a0133140-e8bb-11ef-a9e2-005056a89546,done,3,
2024-04-18,2897,Regular Board Meeting,254ceeed-01a9-11ef-b231-0050569183fa,done,1,
2024-04-25,2903,Regular Board Meeting,25b2134e-0ca1-11ef-b231-0050569183fa,done,2,
2024-05-02,2909,Regular Board Meeting,c342e28f-0b64-11ef-b231-0050569183fa,done,1,
2024-05-08,2921,Hybrid Public Budget Hearing #1,4b4ea92e-dda9-11ef-a9e2-005056a89546,done,0,
2024-05-15,2930,In-Person Public Budget Hearing #2,87af7fde-0b2b-11f0-ab6a-005056a89546,done,0,
2024-05-16,2932,Regular Board Meeting,e230132d-dda3-11ef-a9e2-005056a89546,done,0,
2024-05-23,2946,Regular Board Meeting,f946c390-f472-11ef-ab6a-005056a89546,done,1,
2024-05-29,2955,Virtual Public Budget Hearing #3,13428b47-29aa-11ef-81ef-005056a89546,done,0,
2024-05-30,2956,Regular Board Meeting,6dcedf04-2297-11ef-81ef-005056a89546,done,1,
2024-06-06,2969,Regular Board Meeting,ee6c9ed7-b98b-11ef-ab4b-005056a89546,done,6,
2024-06-13,2974,Regular Board Meeting,81b91df3-0b2f-11f0-ab6a-005056a89546,done,1,
2024-06-20,2976,Regular Board Meeting,befd7687-3e0d-11ef-8c72-005056a89546,done,1,
2024-06-27,2979,Regular Board Meeting,9f7d2b58-f478-11ef-ab6a-005056a89546,done,1,
2024-07-11,2984,Regular Board Meeting,3e4d7101-5945-11ef-bafe-005056a89546,done,1,
2024-07-18,2990,Regular Board Meeting,fe04d8d5-f534-11ef-ab6a-005056a89546,done,0,
2024-07-25,2994,Regular Board Meeting,5f63b916-662f-11ef-9b71-005056a89546,done,3,
2024-08-01,2998,Regular Board Meeting,57d9c7d2-5c11-11ef-bafe-005056a89546,done,1,
2024-08-15,3003,VIRTUAL Regular Board Meeting,ab122529-0413-11f0-ab6a-005056a89546,done,1,R.4 (AMR ambulance staffing change) was discussed but the minutes record no vote on it.
2024-08-22,3007,VIRTUAL Regular Board Meeting,75bc08db-6afc-11ef-9b71-005056a89546,done,2,
2024-08-29,3011,VIRTUAL Regular Board Meeting,0de2f843-f912-11ef-ab6a-005056a89546,done,0,
2024-09-05,3016,VIRTUAL Regular Board Meeting,4292f147-f927-11ef-ab6a-005056a89546,done,3,
2024-09-12,3021,Regular Board Meeting,46da3bbc-ed61-11ef-a9e2-005056a89546,done,1,
2024-09-19,3025,Regular Board Meeting,8fc95fa5-8030-11ef-ab4b-005056a89546,done,1,
2024-09-26,3030,Regular Board Meeting,d4e9a403-a24a-11ef-ab4b-005056a89546,done,0,
2024-10-03,3034,Regular Board Meeting,2017b7ec-85a5-11ef-ab4b-005056a89546,done,2,
2024-10-08,3036,County/City Joint Meeting,d9a46911-9096-11ef-ab4b-005056a89546,done,0,
2024-10-17,3040,Regular Board Meeting,0f29cd0b-e32a-11ef-a9e2-005056a89546,done,3,
2024-10-24,3042,Regular Board Meeting,4188966c-df37-11ef-a9e2-005056a89546,done,1,
2024-10-31,3047,Regular Board Meeting,1f6ffbc0-d9b7-11ef-a9e2-005056a89546,done,0,
2024-11-07,3051,Regular Board Meeting,2b63e209-d9b4-11ef-a9e2-005056a89546,done,0,
2024-11-14,3055,Regular Board Meeting,13f457f8-b0dc-11ef-ab4b-005056a89546,done,0,
2024-11-14,3056,VIRTUAL SD 17 Appointment,e57b71d1-b1f7-11ef-ab4b-005056a89546,done,1,
2024-11-21,3063,Regular Board Meeting,ea739bd9-fabb-11ef-ab6a-005056a89546,done,3,
2024-12-05,3066,Regular Board Meeting,e0b711c8-d397-11ef-a9e2-005056a89546,done,2,
2024-12-12,3075,Regular Board Meeting,2d0b9125-d423-11ef-a9e2-005056a89546,done,2,
2024-12-19,3078,Regular Board Meeting,4ae55b6f-d457-11ef-a9e2-005056a89546,done,3,
2025-01-09,3087,Regular Board Meeting,ab68f304-e7ea-11ef-a9e2-005056a89546,done,1,
2025-01-15,3091,VIRTUAL HD 34 Appointment,311e6e7e-d44c-11ef-a9e2-005056a89546,done,1,
2025-01-16,3093,Regular Board Meeting,de557a97-e7ff-11ef-a9e2-005056a89546,done,1,
2025-01-23,3097,Regular Board Meeting,f08799d2-e7ed-11ef-a9e2-005056a89546,done,0,
2025-01-30,3100,Regular Board Meeting,bcf00121-e5b9-11ef-a9e2-005056a89546,done,0,
2025-02-06,3106,Regular Board Meeting,7530eaad-e5b4-11ef-a9e2-005056a89546,done,0,
2025-02-13,3109,Regular Board Meeting,f898b41d-ea3b-11ef-a9e2-005056a89546,done,1,
2025-02-20,3112,Regular Board Meeting,6d120629-efca-11ef-a9e2-005056a89546,done,0,
2025-02-27,3116,Regular Board Meeting,2a88cda5-f54b-11ef-ab6a-005056a89546,done,0,
2025-03-06,3121,Regular Board Meeting,5f3de37b-fae3-11ef-ab6a-005056a89546,done,0,
2025-03-13,3125,Regular Board Meeting,98dfb5c2-0043-11f0-ab6a-005056a89546,done,3,
2025-03-20,3134,Regular Board Meeting,90a350c8-05c4-11f0-ab6a-005056a89546,done,2,
2025-04-03,3139,Regular Board Meeting,eb710940-10c2-11f0-955d-005056a89546,done,0,
2025-04-10,3145,Regular Board Meeting,fa25e689-1641-11f0-955d-005056a89546,done,2,
2025-04-17,3152,Regular Board Meeting,953df848-1bc4-11f0-955d-005056a89546,done,2,
2025-04-24,3157,Regular Board Meeting,59ed328c-2139-11f0-955d-005056a89546,done,0,
2025-05-01,3162,Regular Board Meeting,ece70355-26c7-11f0-9f54-005056a89546,done,3,
2025-05-08,3178,Regular Board Meeting,8ff1fdd6-2c53-11f0-856f-005056a89546,done,2,
2025-05-14,3184,Hybrid Public Budget Hearing #1,549958e2-3319-11f0-856f-005056a89546,done,0,
2025-05-15,3188,Regular Board Meeting,cec4935a-31d6-11f0-856f-005056a89546,done,2,
2025-05-21,3196,In-Person Public Budget Hearing #2,0501a4be-3cbe-11f0-856f-005056a89546,done,0,
2025-05-28,3208,Virtual Public Budget Hearing #3,80b6c233-4254-11f0-b7f5-005056a89546,done,0,
2025-05-29,3216,Regular Board Meeting,6a15d5fe-4237-11f0-b7f5-005056a89546,done,1,
2025-06-05,3231,Regular Board Meeting,2cfd4ec2-47b0-11f0-b7f5-005056a89546,done,0,
2025-06-12,3244,Regular Board Meeting,9f5917e6-5139-11f0-b7f5-005056a89546,done,6,
2025-06-26,3249,Regular Board Meeting,fe551cfd-5369-11f0-b7f5-005056a89546,done,5,
2025-07-17,3255,Regular Board Meeting,7dd7f817-635f-11f0-b7f5-005056a89546,done,1,
2025-07-24,3257,Regular Board Meeting,2e2426e8-68e3-11f0-b7f5-005056a89546,done,2,
2025-07-31,3262,Regular Board Meeting,8da305ab-6efc-11f0-a766-005056a89546,done,1,
2025-08-07,3268,Regular Board Meeting,4ac9ed53-77b1-11f0-a766-005056a89546,done,0,
2025-08-21,3275,Regular Board Meeting,fd582b13-837f-11f0-a766-005056a89546,done,2,
2025-08-28,3280,Regular Board Meeting,c8d0b106-88f3-11f0-a766-005056a89546,done,0,
2025-09-04,3287,Regular Board Meeting,c37a8546-8f3b-11f0-8df7-005056a89546,done,1,
2025-09-11,3290,Regular Board Meeting,9b22736c-944d-11f0-8df7-005056a89546,done,0,
2025-09-18,3295,Regular Board Meeting,439c8403-9e2b-11f0-8df7-005056a89546,done,0,
2025-09-25,3299,Regular Board Meeting,ee0a2667-9f07-11f0-8df7-005056a89546,done,2,
2025-10-02,3305,Regular Board Meeting,52849d2c-b421-11f0-8df7-005056a89546,done,1,
2025-10-09,3309,Regular Board Meeting,3cc545b6-b550-11f0-8df7-005056a89546,done,1,
2025-10-16,3310,Regular Board Meeting,5867ccdd-b550-11f0-8df7-005056a89546,done,0,
2025-10-23,3315,Regular Board Meeting,6c43bb2e-b550-11f0-8df7-005056a89546,done,1,
2025-10-30,3319,Regular Board Meeting,ef62941e-ced5-11f0-bb28-005056a89546,done,3,
2025-10-31,3322,Special Meeting,2ba72259-ced6-11f0-bb28-005056a89546,done,1,
2025-11-06,3330,Regular Board Meeting,daf58bb8-ced6-11f0-bb28-005056a89546,done,1,
2025-11-13,3332,Regular Board Meeting,ab24ddae-dc36-11f0-bb28-005056a89546,done,0,
2025-11-20,3335,Regular Board Meeting,98d02d8f-dc36-11f0-bb28-005056a89546,done,3,
2025-12-04,3342,Regular Board Meeting,7545c4cf-dc3c-11f0-bb28-005056a89546,done,0,
2025-12-11,3349,Regular Board Meeting,a55ee129-dc3c-11f0-bb28-005056a89546,done,3,
2025-12-18,3355,Regular Board Meeting,d77849c9-f241-11f0-bb28-005056a89546,done,4,
2026-01-08,3356,Regular Board Meeting,b5aba108-edab-11f0-bb28-005056a89546,done,1,
2026-01-15,3360,Regular Board Meeting,c92c6b64-f61d-11f0-bb28-005056a89546,done,2,
2026-01-22,3365,Regular Board Meeting,f2e75034-f87d-11f0-bb28-005056a89546,done,1,
2026-01-29,3370,Regular Board Meeting,e32a01d0-fe2b-11f0-bb28-005056a89546,done,2,
2026-02-05,3377,Regular Board Meeting,a732a5c5-084a-11f1-bb28-005056a89546,done,1,
2026-02-12,3382,Regular Board Meeting,c39e553a-0923-11f1-bb28-005056a89546,done,1,
2026-02-19,3386,Regular Board Meeting,ed6cce21-1409-11f1-bb28-005056a89546,done,2,
2026-02-26,3390,Regular Board Meeting,d292fb7f-140e-11f1-bb28-005056a89546,done,1,
2026-03-05,3397,Regular Board Meeting,f11e635e-1d5c-11f1-bb28-005056a89546,done,1,
2026-03-12,3400,Regular Board Meeting,4b0502cb-1f17-11f1-bb28-005056a89546,done,1,
2026-03-19,3406,Regular Board Meeting,8e7db693-2480-11f1-bb28-005056a89546,done,2,
2026-04-02,3411,Regular Board Meeting,c932751c-2ed9-11f1-bb28-005056a89546,done,0,
2026-04-09,3416,Regular Board Meeting,37c16d93-3506-11f1-bb28-005056a89546,done,3,
2026-04-16,3420,Regular Board Meeting,7419e0d5-39d8-11f1-bb28-005056a89546,done,0,
2026-04-23,3431,Regular Board Meeting,af3d0db0-3f54-11f1-bb28-005056a89546,done,2,
2026-04-29,3440,Hybrid Public Budget Hearing #1,02233465-44ce-11f1-bb28-005056a89546,done,0,
2026-04-30,3445,Regular Board Meeting,6ebe2432-45a8-11f1-bb28-005056a89546,done,0,
2026-05-07,3457,Regular Board Meeting,63d12e8a-4d69-11f1-9b4d-005056a89546,done,2,
2026-05-13,3467,Public Budget Hearing #2,2fbee425-5084-11f1-9b4d-005056a89546,done,0,
2026-05-20,3488,Virtual Public Budget Hearing #3,fdbd7d95-553f-11f1-9b4d-005056a89546,done,0,
2026-05-21,3495,Regular Board Meeting,cd9e6e19-55fe-11f1-9b4d-005056a89546,done,2,
2026-05-28,3505,Regular Board Meeting,a0fd88f6-5b91-11f1-9b4d-005056a89546,done,2,
2026-06-04,3516,Regular Board Meeting,2aeb4190-642d-11f1-9b4d-005056a89546,done,6,
2026-06-11,3518,Regular Board Meeting,b7172c17-6667-11f1-9494-005056a89546,done,0,
2026-06-18,3524,Regular Board Meeting,7bd4d990-6b46-11f1-9494-005056a89546,done,1,
2026-06-25,3532,Regular Board Meeting,1956ee57-70e4-11f1-9494-005056a89546,done,3,
2026-07-02,3540,Regular Board Meeting,af9f6ff2-7665-11f1-9494-005056a89546,done,2,
2026-07-16,3547,Regular Board Meeting,ddf52753-81e0-11f1-98fd-005056a89546,done,2,
2026-07-23,3551,Regular Board Meeting,9a2771d2-8773-11f1-bb61-005056a89546,done,1,
2026-08-06,3554,Special Meeting,4b498b45-927d-11f1-bb61-005056a89546,done,1,
2026-08-13,3561,Regular Board Meeting,9264025a-97f9-11f1-bb61-005056a89546,done,1,
2026-08-20,3570,Regular Board Meeting,21c47284-9d56-11f1-8db5-005056a89546,done,1,
2026-08-27,3575,Regular Board Meeting,9a3cebd8-a303-11f1-a028-005056a89546,done,4,
2026-09-03,3581,Regular Board Meeting,cf7316b6-a881-11f1-a183-005056a89546,done,0,R.2 was the first reading of the ambulance service plan ordinance; log it at its second reading.
2026-09-10,3583,Regular Board Meeting,3ed5770e-ad57-11f1-a183-005056a89546,done,1,
2026-09-17,3587,Regular Board Meeting,8a00a94b-b4fa-11f1-a7dc-005056a89546,done,1,
