date,item,seq,item_title,kind,motion,note,theme,area,url,Vega Pederson,Moyer,Singleton,Brim-Edwards,Jones-Dixon,Meieran,Kafoury,Smith,Jayapal,Beason,Rosenbaum,Stegmann
2026-02-26,R.3,1,Resolution Establishing Policies for the House Bill 4002 Deflection Program.,Amendment,"Vice Chair Jones-Dixon moved and Commissioner Singleton seconded approval of R. Commissioner Moyer moved to amend, Commission Brim-Edwards seconded. — The Amendment was adopted.",,Public Safety; Health & Social Services,Countywide,https://multnomah.granicus.com/AgendaViewer.php?view_id=3&clip_id=3390,Yea,Yea,Yea,Yea,Yea,Not in office,Not in office,Not in office,Not in office,Not in office,Not in office,Not in office
2026-02-26,R.3,2,Resolution Establishing Policies for the House Bill 4002 Deflection Program.,Amendment,"Commissioner Singleton moved to amend, Commissioner Brim-Edwards seconds. — The Amendment was adopted.",,Public Safety; Health & Social Services,Countywide,https://multnomah.granicus.com/AgendaViewer.php?view_id=3&clip_id=3390,Yea,Yea,Yea,Yea,Yea,Not in office,Not in office,Not in office,Not in office,Not in office,Not in office,Not in office
2026-02-26,R.3,3,Resolution Establishing Policies for the House Bill 4002 Deflection Program.,Amendment,"Commissioner Singleton moved to amend, Commissioner Brim-Edwards seconds. — The Amendment was adopted.",,Public Safety; Health & Social Services,Countywide,https://multnomah.granicus.com/AgendaViewer.php?view_id=3&clip_id=3390,Yea,Nay,Yea,Yea,Yea,Not in office,Not in office,Not in office,Not in office,Not in office,Not in office,Not in office
2026-02-26,R.3,4,Resolution Establishing Policies for the House Bill 4002 Deflection Program.,Amendment,"Chair Vega Pederson passes the gavel to Vice-Chair Jones-Dixon. Chair Vega Pederson moved to amend, Commissioner Brim-Edwards seconds. — The Amendment was adopted.",,Public Safety; Health & Social Services,Countywide,https://multnomah.granicus.com/AgendaViewer.php?view_id=3&clip_id=3390,Yea,Yea,Yea,Yea,Yea,Not in office,Not in office,Not in office,Not in office,Not in office,Not in office,Not in office
2026-02-26,R.3,5,Resolution Establishing Policies for the House Bill 4002 Deflection Program.,Amendment,"Commissioner Singleton moved to amend, Commissioner Brim-Edwards seconds. — The Amendment was adopted.",,Public Safety; Health & Social Services,Countywide,https://multnomah.granicus.com/AgendaViewer.php?view_id=3&clip_id=3390,Yea,Yea,Yea,Yea,Yea,Not in office,Not in office,Not in office,Not in office,Not in office,Not in office,Not in office
2026-04-09,R.3,1,Sanctuary County Resolution by Emergency.,Motion,"Commissioner Singleton moves, Commissioner Jones-Dixon seconds. — Vote recorded.",,Civil Rights & Equity; Government Operations,Countywide,https://multnomah.granicus.com/AgendaViewer.php?view_id=3&clip_id=3416,Yea,Yea,Yea,Yea,Yea,Not in office,Not in office,Not in office,Not in office,Not in office,Not in office,Not in office
2026-04-23,R.1,1,RESOLUTION Approving the Multnomah County Library District’s Proposed Fiscal Year 2027 Budget for Submittal to the Tax Supervising and Conservation Commission.,Amendment,"Commissioner Singleton moves and Commissioner Moyer seconds. Commissioner Moyer moves to propose an amendment, and Commissioner Brim-Edwards seconds. — The motion passes.",,FY Budget; Libraries,Countywide,https://multnomah.granicus.com/AgendaViewer.php?view_id=3&clip_id=3431,Absent,Yea,Yea,Yea,Yea,Not in office,Not in office,Not in office,Not in office,Not in office,Not in office,Not in office
2026-05-07,UC.1,1,BUDGET MODIFICATION #D2-001-26: Homeless Services Department Shelter Transition.,Motion,"Commissioner Singleton moves, Commissioner Moyer Seconds. — Vote recorded.",,Homelessness; Budget & Taxes,Countywide,https://multnomah.granicus.com/AgendaViewer.php?view_id=3&clip_id=3457,Yea,Yea,Yea,Nay,Yea,Not in office,Not in office,Not in office,Not in office,Not in office,Not in office,Not in office
2026-05-07,UC.1,2,BUDGET MODIFICATION #D2-001-26: Homeless Services Department Shelter Transition.,Amendment,The amendment was approved.,,Homelessness; Budget & Taxes,Countywide,https://multnomah.granicus.com/AgendaViewer.php?view_id=3&clip_id=3457,Yea,Yea,Yea,Yea,Yea,Not in office,Not in office,Not in office,Not in office,Not in office,Not in office,Not in office
2026-05-21,R.2,1,"First Reading of Ordinance Establishing Safe School Zones in Multnomah County, Oregon.",Amendment,"Commissioner Julia Brim-Edwards moves, Commissioner Moyer seconds. Commissioner Moyer moves to amend, Commissioner Brim-Edwards seconds. — The amendment passes.",,Public Safety,Countywide,https://multnomah.granicus.com/AgendaViewer.php?view_id=3&clip_id=3495,Yea,Yea,Yea,Yea,Yea,Not in office,Not in office,Not in office,Not in office,Not in office,Not in office,Not in office
2026-05-21,R.2,2,"First Reading of Ordinance Establishing Safe School Zones in Multnomah County, Oregon.",Motion,Chair Vega Pederson passes the gavel to Vice-Chair Jones-Dixon. — Vote recorded.,,Public Safety,Countywide,https://multnomah.granicus.com/AgendaViewer.php?view_id=3&clip_id=3495,Yea,Yea,Yea,Yea,Yea,Not in office,Not in office,Not in office,Not in office,Not in office,Not in office,Not in office
2026-05-21,R.2,3,"First Reading of Ordinance Establishing Safe School Zones in Multnomah County, Oregon.",Amendment,The first reading is approved as amended.,,Public Safety,Countywide,https://multnomah.granicus.com/AgendaViewer.php?view_id=3&clip_id=3495,Yea,Yea,Yea,Yea,Yea,Not in office,Not in office,Not in office,Not in office,Not in office,Not in office,Not in office
2026-06-04,R.5,1,"Public Hearing and Consideration of a RESOLUTION Adopting the Fiscal Year 2027 Budget for Multnomah County and Making Appropriations Thereunder, Pursuant to ORS 294.456.",Amendment,"Revenue Amendments - Amendments 1-4. Commissioner Singleton moves and Commissioner Brim-Edwards seconds. Commissioner Singleton moves, Commissioner Moyer seconds. — Amendments 1-4 pass.",,FY Budget,Countywide,https://multnomah.granicus.com/AgendaViewer.php?view_id=3&clip_id=3516,Yea,Yea,Yea,Yea,Yea,Not in office,Not in office,Not in office,Not in office,Not in office,Not in office,Not in office
2026-06-04,R.5,2,"Public Hearing and Consideration of a RESOLUTION Adopting the Fiscal Year 2027 Budget for Multnomah County and Making Appropriations Thereunder, Pursuant to ORS 294.456.",Amendment,Amendment 1E. Commissioner Singleton moves and Commissioner Brim-Edwards seconds. — Amendment 1E fails.,,FY Budget,Countywide,https://multnomah.granicus.com/AgendaViewer.php?view_id=3&clip_id=3516,Nay,Nay,Yea,Yea,Nay,Not in office,Not in office,Not in office,Not in office,Not in office,Not in office,Not in office
2026-06-04,R.5,3,"Public Hearing and Consideration of a RESOLUTION Adopting the Fiscal Year 2027 Budget for Multnomah County and Making Appropriations Thereunder, Pursuant to ORS 294.456.",Amendment,"Amendment 2D. Commissioner Singleton moves and Commissioner Moyer seconds. Commissioner Moyer motions to amend 2D, Commissioner Brim-Edwards seconds. — The amendment passes.",,FY Budget,Countywide,https://multnomah.granicus.com/AgendaViewer.php?view_id=3&clip_id=3516,Nay,Yea,Nay,Yea,Yea,Not in office,Not in office,Not in office,Not in office,Not in office,Not in office,Not in office
2026-06-04,R.5,4,"Public Hearing and Consideration of a RESOLUTION Adopting the Fiscal Year 2027 Budget for Multnomah County and Making Appropriations Thereunder, Pursuant to ORS 294.456.",Amendment,Amendment 2D passes as amended.,,FY Budget,Countywide,https://multnomah.granicus.com/AgendaViewer.php?view_id=3&clip_id=3516,Yea,Yea,Yea,Yea,Yea,Not in office,Not in office,Not in office,Not in office,Not in office,Not in office,Not in office
2026-06-04,R.5,5,"Public Hearing and Consideration of a RESOLUTION Adopting the Fiscal Year 2027 Budget for Multnomah County and Making Appropriations Thereunder, Pursuant to ORS 294.456.",Amendment,"Amendment 3C. Commissioner Moyer motions to table, Commissioner Brim-Edwards seconds. — Motion to table fails.",,FY Budget,Countywide,https://multnomah.granicus.com/AgendaViewer.php?view_id=3&clip_id=3516,Nay,Yea,Nay,Yea,Nay,Not in office,Not in office,Not in office,Not in office,Not in office,Not in office,Not in office
2026-06-04,R.5,6,"Public Hearing and Consideration of a RESOLUTION Adopting the Fiscal Year 2027 Budget for Multnomah County and Making Appropriations Thereunder, Pursuant to ORS 294.456.",Amendment,Amendment 3C passes.,,FY Budget,Countywide,https://multnomah.granicus.com/AgendaViewer.php?view_id=3&clip_id=3516,Yea,Nay,Yea,Yea,Yea,Not in office,Not in office,Not in office,Not in office,Not in office,Not in office,Not in office
2026-06-04,R.5,7,"Public Hearing and Consideration of a RESOLUTION Adopting the Fiscal Year 2027 Budget for Multnomah County and Making Appropriations Thereunder, Pursuant to ORS 294.456.",Amendment,"Amendment 4B. Commissioner Brim-Edwards moves, Commissioner Singleton seconds. Chair Vega Pederson passes the gavel to Vice-Chair Jones-Dixon and makes a motion for a friendly amendment, there is no objection. — Amendment 4B passes as amended.",,FY Budget,Countywide,https://multnomah.granicus.com/AgendaViewer.php?view_id=3&clip_id=3516,Yea,Yea,Yea,Yea,Yea,Not in office,Not in office,Not in office,Not in office,Not in office,Not in office,Not in office
2026-06-04,R.5,8,"Public Hearing and Consideration of a RESOLUTION Adopting the Fiscal Year 2027 Budget for Multnomah County and Making Appropriations Thereunder, Pursuant to ORS 294.456.",Amendment,"Amendment 5C. Commissioner Brim-Edwards moves, Commissioner Moyer seconds. — Amendment 5C fails.",,FY Budget,Countywide,https://multnomah.granicus.com/AgendaViewer.php?view_id=3&clip_id=3516,Nay,Nay,Nay,Yea,Yea,Not in office,Not in office,Not in office,Not in office,Not in office,Not in office,Not in office
2026-06-04,R.5,9,"Public Hearing and Consideration of a RESOLUTION Adopting the Fiscal Year 2027 Budget for Multnomah County and Making Appropriations Thereunder, Pursuant to ORS 294.456.",Amendment,"Amendment 6. Commissioner Singleton moves, Commissioner Moyer seconds. Commissioner Singleton moves to amend, Vice Chair Jones-Dixon seconds. — The amendment fails.",,FY Budget,Countywide,https://multnomah.granicus.com/AgendaViewer.php?view_id=3&clip_id=3516,Yea,Nay,Yea,Nay,Nay,Not in office,Not in office,Not in office,Not in office,Not in office,Not in office,Not in office
2026-06-04,R.5,10,"Public Hearing and Consideration of a RESOLUTION Adopting the Fiscal Year 2027 Budget for Multnomah County and Making Appropriations Thereunder, Pursuant to ORS 294.456.",Amendment,Amendment 6 passes.,,FY Budget,Countywide,https://multnomah.granicus.com/AgendaViewer.php?view_id=3&clip_id=3516,Nay,Yea,Yea,Yea,Nay,Not in office,Not in office,Not in office,Not in office,Not in office,Not in office,Not in office
2026-06-04,R.5,11,"Public Hearing and Consideration of a RESOLUTION Adopting the Fiscal Year 2027 Budget for Multnomah County and Making Appropriations Thereunder, Pursuant to ORS 294.456.",Amendment,"Amendment 7B. Commissioner Brim-Edwards moves, Commissioner Moyer seconds. — Amendment 7B passes.",,FY Budget,Countywide,https://multnomah.granicus.com/AgendaViewer.php?view_id=3&clip_id=3516,Yea,Yea,Yea,Yea,Yea,Not in office,Not in office,Not in office,Not in office,Not in office,Not in office,Not in office
2026-06-04,R.5,12,"Public Hearing and Consideration of a RESOLUTION Adopting the Fiscal Year 2027 Budget for Multnomah County and Making Appropriations Thereunder, Pursuant to ORS 294.456.",Amendment,"Amendment 10B. Commissioner Singleton moves, Commissioner Moyer seconds. — Amendment 10B passes.",,FY Budget,Countywide,https://multnomah.granicus.com/AgendaViewer.php?view_id=3&clip_id=3516,Yea,Yea,Yea,Yea,Yea,Not in office,Not in office,Not in office,Not in office,Not in office,Not in office,Not in office
2026-06-04,R.5,13,"Public Hearing and Consideration of a RESOLUTION Adopting the Fiscal Year 2027 Budget for Multnomah County and Making Appropriations Thereunder, Pursuant to ORS 294.456.",Amendment,"Amendment 11. Commissioner Moyer moves, Commissioner Brim-Edwards seconds. — Amendment 11 passes.",,FY Budget,Countywide,https://multnomah.granicus.com/AgendaViewer.php?view_id=3&clip_id=3516,Yea,Yea,Yea,Yea,Yea,Not in office,Not in office,Not in office,Not in office,Not in office,Not in office,Not in office
2026-06-04,R.5,14,"Public Hearing and Consideration of a RESOLUTION Adopting the Fiscal Year 2027 Budget for Multnomah County and Making Appropriations Thereunder, Pursuant to ORS 294.456.",Amendment,"Amendment 12D. Vice Chair Jones-Dixon moves, Commissioner Brim-Edwards seconds. Vice Chair Jones-Dixon moves to amend 12D, Commissioner Singleton seconds. — The amendment to the amendment passes.",,FY Budget,Countywide,https://multnomah.granicus.com/AgendaViewer.php?view_id=3&clip_id=3516,Yea,Yea,Yea,Yea,Yea,Not in office,Not in office,Not in office,Not in office,Not in office,Not in office,Not in office
2026-06-04,R.5,15,"Public Hearing and Consideration of a RESOLUTION Adopting the Fiscal Year 2027 Budget for Multnomah County and Making Appropriations Thereunder, Pursuant to ORS 294.456.",Amendment,"Amendment 12E. Vice Chair Jones-Dixon moves, Commissioner Moyer seconds. — Amendment 12E passes.",,FY Budget,Countywide,https://multnomah.granicus.com/AgendaViewer.php?view_id=3&clip_id=3516,Nay,Yea,Nay,Yea,Yea,Not in office,Not in office,Not in office,Not in office,Not in office,Not in office,Not in office
2026-06-04,R.5,16,"Public Hearing and Consideration of a RESOLUTION Adopting the Fiscal Year 2027 Budget for Multnomah County and Making Appropriations Thereunder, Pursuant to ORS 294.456.",Amendment,"Amendment 13B. Vice Chair Jones-Dixon moves, Commissioner Brim-Edwards seconds. — Amendment 13B passes.",,FY Budget,Countywide,https://multnomah.granicus.com/AgendaViewer.php?view_id=3&clip_id=3516,Yea,Yea,Yea,Yea,Yea,Not in office,Not in office,Not in office,Not in office,Not in office,Not in office,Not in office
2026-06-04,R.5,17,"Public Hearing and Consideration of a RESOLUTION Adopting the Fiscal Year 2027 Budget for Multnomah County and Making Appropriations Thereunder, Pursuant to ORS 294.456.",Amendment,"Amendment 16C. Commissioner Singleton moves, Commissioner Moyer seconds. — Amendment 16C passes.",,FY Budget,Countywide,https://multnomah.granicus.com/AgendaViewer.php?view_id=3&clip_id=3516,Yea,Yea,Yea,Yea,Yea,Not in office,Not in office,Not in office,Not in office,Not in office,Not in office,Not in office
2026-06-04,R.5,18,"Public Hearing and Consideration of a RESOLUTION Adopting the Fiscal Year 2027 Budget for Multnomah County and Making Appropriations Thereunder, Pursuant to ORS 294.456.",Amendment,"Amendment 17B. Commissioner Brim-Edwards moves, Commissioner Singleton seconds. — Amendment 17B passes.",,FY Budget,Countywide,https://multnomah.granicus.com/AgendaViewer.php?view_id=3&clip_id=3516,Yea,Yea,Yea,Yea,Yea,Not in office,Not in office,Not in office,Not in office,Not in office,Not in office,Not in office
2026-06-04,R.5,19,"Public Hearing and Consideration of a RESOLUTION Adopting the Fiscal Year 2027 Budget for Multnomah County and Making Appropriations Thereunder, Pursuant to ORS 294.456.",Amendment,"Amendment 18B. Commissioner Singleton moves, Commissioner Brim-Edwards seconds. — Amendment 18B passes.",,FY Budget,Countywide,https://multnomah.granicus.com/AgendaViewer.php?view_id=3&clip_id=3516,Yea,Yea,Yea,Yea,Yea,Not in office,Not in office,Not in office,Not in office,Not in office,Not in office,Not in office
2026-06-04,R.5,20,"Public Hearing and Consideration of a RESOLUTION Adopting the Fiscal Year 2027 Budget for Multnomah County and Making Appropriations Thereunder, Pursuant to ORS 294.456.",Amendment,"Amendment 22B. Commissioner Brim-Edwards moves, Commissioner Singleton seconds. Commissioner Moyer moves to amend, Commissioner Singleton seconds. — The amendment passes.",,FY Budget,Countywide,https://multnomah.granicus.com/AgendaViewer.php?view_id=3&clip_id=3516,Yea,Yea,Yea,Yea,Yea,Not in office,Not in office,Not in office,Not in office,Not in office,Not in office,Not in office
2026-06-04,R.5,21,"Public Hearing and Consideration of a RESOLUTION Adopting the Fiscal Year 2027 Budget for Multnomah County and Making Appropriations Thereunder, Pursuant to ORS 294.456.",Amendment,Amendment 22B passes as amended.,,FY Budget,Countywide,https://multnomah.granicus.com/AgendaViewer.php?view_id=3&clip_id=3516,Yea,Yea,Yea,Yea,Yea,Not in office,Not in office,Not in office,Not in office,Not in office,Not in office,Not in office
2026-06-04,R.5,22,"Public Hearing and Consideration of a RESOLUTION Adopting the Fiscal Year 2027 Budget for Multnomah County and Making Appropriations Thereunder, Pursuant to ORS 294.456.",Amendment,"Amendment 23B. Commissioner Singleton moves, Commissioner Brim-Edwards seconds. — Amendment 23B fails.",,FY Budget,Countywide,https://multnomah.granicus.com/AgendaViewer.php?view_id=3&clip_id=3516,Nay,Nay,Nay,Yea,Yea,Not in office,Not in office,Not in office,Not in office,Not in office,Not in office,Not in office
2026-06-04,R.5,23,"Public Hearing and Consideration of a RESOLUTION Adopting the Fiscal Year 2027 Budget for Multnomah County and Making Appropriations Thereunder, Pursuant to ORS 294.456.",Amendment,"Amendment 24. Commissioner Singleton moves, Commissioner Moyer seconds. — Amendment 24 passes.",,FY Budget,Countywide,https://multnomah.granicus.com/AgendaViewer.php?view_id=3&clip_id=3516,Yea,Yea,Yea,Yea,Yea,Not in office,Not in office,Not in office,Not in office,Not in office,Not in office,Not in office
2026-06-04,R.5,24,"Public Hearing and Consideration of a RESOLUTION Adopting the Fiscal Year 2027 Budget for Multnomah County and Making Appropriations Thereunder, Pursuant to ORS 294.456.",Amendment,"Amendment 25. Commissioner Singleton moves, Commissioner Moyer seconds. — Amendment 25 passes.",,FY Budget,Countywide,https://multnomah.granicus.com/AgendaViewer.php?view_id=3&clip_id=3516,Yea,Yea,Yea,Yea,Nay,Not in office,Not in office,Not in office,Not in office,Not in office,Not in office,Not in office
2026-06-04,R.5,25,"Public Hearing and Consideration of a RESOLUTION Adopting the Fiscal Year 2027 Budget for Multnomah County and Making Appropriations Thereunder, Pursuant to ORS 294.456.",Amendment,"Amendment 26B. Commissioner Singleton moves, Vice Chair Jones-Dixon seconds. — Amendment 26B passes.",,FY Budget,Countywide,https://multnomah.granicus.com/AgendaViewer.php?view_id=3&clip_id=3516,Yea,Yea,Yea,Yea,Yea,Not in office,Not in office,Not in office,Not in office,Not in office,Not in office,Not in office
2026-06-04,R.5,26,"Public Hearing and Consideration of a RESOLUTION Adopting the Fiscal Year 2027 Budget for Multnomah County and Making Appropriations Thereunder, Pursuant to ORS 294.456.",Amendment,"Amendment 27. Commissioner Brim-Edwards moves, Commissioner Moyer seconds. — Amendment 27 passes.",,FY Budget,Countywide,https://multnomah.granicus.com/AgendaViewer.php?view_id=3&clip_id=3516,Yea,Yea,Yea,Yea,Yea,Not in office,Not in office,Not in office,Not in office,Not in office,Not in office,Not in office
2026-06-04,R.5,27,"Public Hearing and Consideration of a RESOLUTION Adopting the Fiscal Year 2027 Budget for Multnomah County and Making Appropriations Thereunder, Pursuant to ORS 294.456.",Amendment,"Amendment 28. Commissioner Singleton moves, Commissioner Brim-Edwards seconds. Vice Chair Jones Dixon moves to amend Commissioner Moyer seconds. — The amendment to the amendment passes.",,FY Budget,Countywide,https://multnomah.granicus.com/AgendaViewer.php?view_id=3&clip_id=3516,Yea,Yea,Yea,Yea,Yea,Not in office,Not in office,Not in office,Not in office,Not in office,Not in office,Not in office
2026-06-04,R.5,28,"Public Hearing and Consideration of a RESOLUTION Adopting the Fiscal Year 2027 Budget for Multnomah County and Making Appropriations Thereunder, Pursuant to ORS 294.456.",Amendment,Amendment 28 passes as amended.,,FY Budget,Countywide,https://multnomah.granicus.com/AgendaViewer.php?view_id=3&clip_id=3516,Yea,Nay,Nay,Yea,Yea,Not in office,Not in office,Not in office,Not in office,Not in office,Not in office,Not in office
2026-06-04,R.5,29,"Public Hearing and Consideration of a RESOLUTION Adopting the Fiscal Year 2027 Budget for Multnomah County and Making Appropriations Thereunder, Pursuant to ORS 294.456.",Amendment,"Amendment 29. Commissioner Singleton moves, Vice Chair Jones-Dixon seconds. — Amendment 29 passes.",,FY Budget,Countywide,https://multnomah.granicus.com/AgendaViewer.php?view_id=3&clip_id=3516,Nay,Yea,Nay,Yea,Yea,Not in office,Not in office,Not in office,Not in office,Not in office,Not in office,Not in office
2026-06-04,R.5,30,"Public Hearing and Consideration of a RESOLUTION Adopting the Fiscal Year 2027 Budget for Multnomah County and Making Appropriations Thereunder, Pursuant to ORS 294.456.",Amendment,"Amendment 30B. Commissioner Brim-Edwards moves, Commissioner Singleton seconds. Vice Chair Jones-Dixon moves to amend, Commissioner Brim-Edwards seconds. — The amendment to the amendment fails.",,FY Budget,Countywide,https://multnomah.granicus.com/AgendaViewer.php?view_id=3&clip_id=3516,Nay,Nay,Nay,Yea,Yea,Not in office,Not in office,Not in office,Not in office,Not in office,Not in office,Not in office
2026-06-04,R.5,31,"Public Hearing and Consideration of a RESOLUTION Adopting the Fiscal Year 2027 Budget for Multnomah County and Making Appropriations Thereunder, Pursuant to ORS 294.456.",Amendment,Amendment 30B fails.,,FY Budget,Countywide,https://multnomah.granicus.com/AgendaViewer.php?view_id=3&clip_id=3516,Nay,Nay,Nay,Yea,Yea,Not in office,Not in office,Not in office,Not in office,Not in office,Not in office,Not in office
2026-06-04,R.5,32,"Public Hearing and Consideration of a RESOLUTION Adopting the Fiscal Year 2027 Budget for Multnomah County and Making Appropriations Thereunder, Pursuant to ORS 294.456.",Amendment,"Vice Chair Jones-Dixon moves, Commissioner Brim-Edwards seconds. — Amendment 31C passes.",,FY Budget,Countywide,https://multnomah.granicus.com/AgendaViewer.php?view_id=3&clip_id=3516,Nay,Yea,Yea,Yea,Yea,Not in office,Not in office,Not in office,Not in office,Not in office,Not in office,Not in office
2026-06-04,R.5,33,"Public Hearing and Consideration of a RESOLUTION Adopting the Fiscal Year 2027 Budget for Multnomah County and Making Appropriations Thereunder, Pursuant to ORS 294.456.",Amendment,"Amendment 32B. Commissioner Singleton moves, Commissioner Brim-Edwards seconds. — Amendment 32B passes.",,FY Budget,Countywide,https://multnomah.granicus.com/AgendaViewer.php?view_id=3&clip_id=3516,Yea,Yea,Yea,Yea,Yea,Not in office,Not in office,Not in office,Not in office,Not in office,Not in office,Not in office
2026-06-04,R.5,34,"Public Hearing and Consideration of a RESOLUTION Adopting the Fiscal Year 2027 Budget for Multnomah County and Making Appropriations Thereunder, Pursuant to ORS 294.456.",Amendment,"Amendment 34B. Commissioner Brim-Edwards moves, Commissioner Singleton seconds. — Amendment 34B passes.",,FY Budget,Countywide,https://multnomah.granicus.com/AgendaViewer.php?view_id=3&clip_id=3516,Yea,Yea,Yea,Yea,Yea,Not in office,Not in office,Not in office,Not in office,Not in office,Not in office,Not in office
2026-06-04,R.5,35,"Public Hearing and Consideration of a RESOLUTION Adopting the Fiscal Year 2027 Budget for Multnomah County and Making Appropriations Thereunder, Pursuant to ORS 294.456.",Amendment,"Amendment 35. Commissioner Brim-Edwards moves, Commissioner Moyer seconds. Commissioner Brim-Edwards moves to amend, Commissioner Moyer seconds. — The amendment to the amendment passes.",,FY Budget,Countywide,https://multnomah.granicus.com/AgendaViewer.php?view_id=3&clip_id=3516,Yea,Yea,Yea,Yea,Yea,Not in office,Not in office,Not in office,Not in office,Not in office,Not in office,Not in office
2026-06-04,R.5,36,"Public Hearing and Consideration of a RESOLUTION Adopting the Fiscal Year 2027 Budget for Multnomah County and Making Appropriations Thereunder, Pursuant to ORS 294.456.",Amendment,Amendment 35 passes as amended.,,FY Budget,Countywide,https://multnomah.granicus.com/AgendaViewer.php?view_id=3&clip_id=3516,Yea,Yea,Yea,Yea,Yea,Not in office,Not in office,Not in office,Not in office,Not in office,Not in office,Not in office
2026-06-04,R.5,37,"Public Hearing and Consideration of a RESOLUTION Adopting the Fiscal Year 2027 Budget for Multnomah County and Making Appropriations Thereunder, Pursuant to ORS 294.456.",Amendment,Amendment 37C. Commissioner Singleton moves to amend. Chair Vega Pederson passes the gavel to Vice Chair Jones-Dixon. — The amendment to the amendment fails.,,FY Budget,Countywide,https://multnomah.granicus.com/AgendaViewer.php?view_id=3&clip_id=3516,Yea,Nay,Yea,Nay,Nay,Not in office,Not in office,Not in office,Not in office,Not in office,Not in office,Not in office
2026-06-04,R.5,38,"Public Hearing and Consideration of a RESOLUTION Adopting the Fiscal Year 2027 Budget for Multnomah County and Making Appropriations Thereunder, Pursuant to ORS 294.456.",Amendment,"Amendment 40. Vice Chair Jones-Dixon passes the gavel to Chair Vega Pederson. Commissioner Brim-Edwards moves, Vice Chair Jones-Dixon seconds. — The amendment fails.",,FY Budget,Countywide,https://multnomah.granicus.com/AgendaViewer.php?view_id=3&clip_id=3516,Nay,Nay,Nay,Yea,Nay,Not in office,Not in office,Not in office,Not in office,Not in office,Not in office,Not in office
2026-06-04,R.5,39,"Public Hearing and Consideration of a RESOLUTION Adopting the Fiscal Year 2027 Budget for Multnomah County and Making Appropriations Thereunder, Pursuant to ORS 294.456.",Amendment,"Amendment 30. Commissioner Moyer motions for reconsideration of Amendment 30, Vice Chair Jones-Dixon seconds. — The motion for reconsideration passes.","The minutes list the fifth AYE as 'Commissioner Sing'; recorded here as Singleton, matching the AYES (5) count.",FY Budget,Countywide,https://multnomah.granicus.com/AgendaViewer.php?view_id=3&clip_id=3516,Yea,Yea,Yea,Yea,Yea,Not in office,Not in office,Not in office,Not in office,Not in office,Not in office,Not in office
2026-06-04,R.5,40,"Public Hearing and Consideration of a RESOLUTION Adopting the Fiscal Year 2027 Budget for Multnomah County and Making Appropriations Thereunder, Pursuant to ORS 294.456.",Amendment,"Commissioner Moyer motions to amend, Vice Chair Jones-Dixon seconds. — The amendment to the amendment passes.",,FY Budget,Countywide,https://multnomah.granicus.com/AgendaViewer.php?view_id=3&clip_id=3516,Yea,Yea,Nay,Yea,Yea,Not in office,Not in office,Not in office,Not in office,Not in office,Not in office,Not in office
2026-06-04,R.5,41,"Public Hearing and Consideration of a RESOLUTION Adopting the Fiscal Year 2027 Budget for Multnomah County and Making Appropriations Thereunder, Pursuant to ORS 294.456.",Amendment,Amendment 30 passes as amended.,,FY Budget,Countywide,https://multnomah.granicus.com/AgendaViewer.php?view_id=3&clip_id=3516,Nay,Yea,Nay,Yea,Yea,Not in office,Not in office,Not in office,Not in office,Not in office,Not in office,Not in office
2026-06-04,R.5,42,"Public Hearing and Consideration of a RESOLUTION Adopting the Fiscal Year 2027 Budget for Multnomah County and Making Appropriations Thereunder, Pursuant to ORS 294.456.",Amendment,"Amendment 37C. Vice Chair Jones-Dixon motions to reconsider Amendment 37C, Commissioner Moyer seconds. — The motion to reconsider Amendment 37C passes.",,FY Budget,Countywide,https://multnomah.granicus.com/AgendaViewer.php?view_id=3&clip_id=3516,Yea,Yea,Yea,Yea,Yea,Not in office,Not in office,Not in office,Not in office,Not in office,Not in office,Not in office
2026-06-04,R.5,43,"Public Hearing and Consideration of a RESOLUTION Adopting the Fiscal Year 2027 Budget for Multnomah County and Making Appropriations Thereunder, Pursuant to ORS 294.456.",Amendment,"Vice Chair Jones-Dixon moves to amend the amendment, Commissioner Moyer seconds. — The amendment to the amendment passes.",,FY Budget,Countywide,https://multnomah.granicus.com/AgendaViewer.php?view_id=3&clip_id=3516,Yea,Yea,Yea,Yea,Yea,Not in office,Not in office,Not in office,Not in office,Not in office,Not in office,Not in office
2026-06-04,R.5,44,"Public Hearing and Consideration of a RESOLUTION Adopting the Fiscal Year 2027 Budget for Multnomah County and Making Appropriations Thereunder, Pursuant to ORS 294.456.",Amendment,"Chair Vega Pederson passed the gavel and moved to further amend Amendment 37C, Commissioner Singleton seconds. — The amendment to the amendment passes.",,FY Budget,Countywide,https://multnomah.granicus.com/AgendaViewer.php?view_id=3&clip_id=3516,Yea,Yea,Yea,Yea,Yea,Not in office,Not in office,Not in office,Not in office,Not in office,Not in office,Not in office
2026-06-04,R.5,45,"Public Hearing and Consideration of a RESOLUTION Adopting the Fiscal Year 2027 Budget for Multnomah County and Making Appropriations Thereunder, Pursuant to ORS 294.456.",Amendment,Amendment 37C passes as amended.,,FY Budget,Countywide,https://multnomah.granicus.com/AgendaViewer.php?view_id=3&clip_id=3516,Yea,Yea,Yea,Yea,Yea,Not in office,Not in office,Not in office,Not in office,Not in office,Not in office,Not in office
2026-06-04,R.5,46,"Public Hearing and Consideration of a RESOLUTION Adopting the Fiscal Year 2027 Budget for Multnomah County and Making Appropriations Thereunder, Pursuant to ORS 294.456.",Amendment,Amendment 41B. Commissioner Brim-Edwards moves. — The amendment fails.,,FY Budget,Countywide,https://multnomah.granicus.com/AgendaViewer.php?view_id=3&clip_id=3516,Nay,Nay,Nay,Yea,Nay,Not in office,Not in office,Not in office,Not in office,Not in office,Not in office,Not in office
2026-06-04,R.5,47,"Public Hearing and Consideration of a RESOLUTION Adopting the Fiscal Year 2027 Budget for Multnomah County and Making Appropriations Thereunder, Pursuant to ORS 294.456.",Amendment,"Amendment 43C. Commissioner Singleton moves, Commissioner Moyer seconds. Vice Chair Jones-Dixon moves to amend, Commissioner Singleton seconds. — The amendment to the amendment passes.",,FY Budget,Countywide,https://multnomah.granicus.com/AgendaViewer.php?view_id=3&clip_id=3516,Yea,Yea,Yea,Yea,Yea,Not in office,Not in office,Not in office,Not in office,Not in office,Not in office,Not in office
2026-06-04,R.5,48,"Public Hearing and Consideration of a RESOLUTION Adopting the Fiscal Year 2027 Budget for Multnomah County and Making Appropriations Thereunder, Pursuant to ORS 294.456.",Amendment,Amendment 43C passes as amended.,,FY Budget,Countywide,https://multnomah.granicus.com/AgendaViewer.php?view_id=3&clip_id=3516,Yea,Yea,Yea,Yea,Yea,Not in office,Not in office,Not in office,Not in office,Not in office,Not in office,Not in office
2026-06-04,R.5,49,"Public Hearing and Consideration of a RESOLUTION Adopting the Fiscal Year 2027 Budget for Multnomah County and Making Appropriations Thereunder, Pursuant to ORS 294.456.",Amendment,"Amendment 44. Commissioner SIngleon moves, Vice Chair Jones-Dixon seconds. Commissioner Singleton moves to amend, Commissioner Moyer seconds. — The amendment to the amendment passes.",,FY Budget,Countywide,https://multnomah.granicus.com/AgendaViewer.php?view_id=3&clip_id=3516,Yea,Yea,Yea,Yea,Yea,Not in office,Not in office,Not in office,Not in office,Not in office,Not in office,Not in office
2026-06-04,R.5,50,"Public Hearing and Consideration of a RESOLUTION Adopting the Fiscal Year 2027 Budget for Multnomah County and Making Appropriations Thereunder, Pursuant to ORS 294.456.",Amendment,Amendment 44 passes as amended.,,FY Budget,Countywide,https://multnomah.granicus.com/AgendaViewer.php?view_id=3&clip_id=3516,Yea,Yea,Yea,Yea,Yea,Not in office,Not in office,Not in office,Not in office,Not in office,Not in office,Not in office
2026-06-04,R.5,51,"Public Hearing and Consideration of a RESOLUTION Adopting the Fiscal Year 2027 Budget for Multnomah County and Making Appropriations Thereunder, Pursuant to ORS 294.456.",Amendment,"Commissioner Singleton moves, Commissioner Moyer seconds. — Amendment 45 passes.",,FY Budget,Countywide,https://multnomah.granicus.com/AgendaViewer.php?view_id=3&clip_id=3516,Nay,Yea,Yea,Yea,Yea,Not in office,Not in office,Not in office,Not in office,Not in office,Not in office,Not in office
2026-06-04,R.5,52,"Public Hearing and Consideration of a RESOLUTION Adopting the Fiscal Year 2027 Budget for Multnomah County and Making Appropriations Thereunder, Pursuant to ORS 294.456.",Amendment,"Amendment 46. Vice Chair Jones-Dixon moves, Commissioner Brim-Edwards seconds. — Amendment 36 passes.",,FY Budget,Countywide,https://multnomah.granicus.com/AgendaViewer.php?view_id=3&clip_id=3516,Nay,Yea,Nay,Yea,Yea,Not in office,Not in office,Not in office,Not in office,Not in office,Not in office,Not in office
2026-06-04,R.5,53,"Public Hearing and Consideration of a RESOLUTION Adopting the Fiscal Year 2027 Budget for Multnomah County and Making Appropriations Thereunder, Pursuant to ORS 294.456.",Amendment,"Commissioner Singleton moves, Commissioner Moyer seconds. — Amendment 48 passes.",,FY Budget,Countywide,https://multnomah.granicus.com/AgendaViewer.php?view_id=3&clip_id=3516,Yea,Yea,Yea,Yea,Yea,Not in office,Not in office,Not in office,Not in office,Not in office,Not in office,Not in office
2026-06-04,R.5,54,"Public Hearing and Consideration of a RESOLUTION Adopting the Fiscal Year 2027 Budget for Multnomah County and Making Appropriations Thereunder, Pursuant to ORS 294.456.",Amendment,"Amendment 50. Commissioner Brim-Edwards moves, Commissioner Moyer seconds. — Amendment 50 passes.",,FY Budget,Countywide,https://multnomah.granicus.com/AgendaViewer.php?view_id=3&clip_id=3516,Yea,Yea,Yea,Yea,Yea,Not in office,Not in office,Not in office,Not in office,Not in office,Not in office,Not in office
2026-06-04,R.5,55,"Public Hearing and Consideration of a RESOLUTION Adopting the Fiscal Year 2027 Budget for Multnomah County and Making Appropriations Thereunder, Pursuant to ORS 294.456.",Amendment,"Amendment 51. Commissioner Moyer moves, Commissioner Brim-Edwards seconds. Commissioner Singleton motions to amend, Commissioner Brim-Edwards seconds. — The amendment to the amendment passes.",,FY Budget,Countywide,https://multnomah.granicus.com/AgendaViewer.php?view_id=3&clip_id=3516,Yea,Nay,Yea,Yea,Nay,Not in office,Not in office,Not in office,Not in office,Not in office,Not in office,Not in office
2026-06-04,R.5,56,"Public Hearing and Consideration of a RESOLUTION Adopting the Fiscal Year 2027 Budget for Multnomah County and Making Appropriations Thereunder, Pursuant to ORS 294.456.",Amendment,Amendment 51 passes as amended.,,FY Budget,Countywide,https://multnomah.granicus.com/AgendaViewer.php?view_id=3&clip_id=3516,Yea,Yea,Yea,Yea,Yea,Not in office,Not in office,Not in office,Not in office,Not in office,Not in office,Not in office
2026-06-04,R.5,57,"Public Hearing and Consideration of a RESOLUTION Adopting the Fiscal Year 2027 Budget for Multnomah County and Making Appropriations Thereunder, Pursuant to ORS 294.456.",Amendment,"Amendment 52. Commissioner Brim-Edwards moves, Commissioner Singleton seconds. Vice Chair Jones-Dixon moves to amend, Commissioner Brim-Edwards seconds. — The amendment to the amendment passes.",,FY Budget,Countywide,https://multnomah.granicus.com/AgendaViewer.php?view_id=3&clip_id=3516,Yea,Yea,Yea,Yea,Yea,Not in office,Not in office,Not in office,Not in office,Not in office,Not in office,Not in office
2026-06-04,R.5,58,"Public Hearing and Consideration of a RESOLUTION Adopting the Fiscal Year 2027 Budget for Multnomah County and Making Appropriations Thereunder, Pursuant to ORS 294.456.",Amendment,Amendment 52 passes as amended.,,FY Budget,Countywide,https://multnomah.granicus.com/AgendaViewer.php?view_id=3&clip_id=3516,Yea,Yea,Yea,Yea,Yea,Not in office,Not in office,Not in office,Not in office,Not in office,Not in office,Not in office
2026-06-04,R.5,59,"Public Hearing and Consideration of a RESOLUTION Adopting the Fiscal Year 2027 Budget for Multnomah County and Making Appropriations Thereunder, Pursuant to ORS 294.456.",Amendment,"Amendment 53. Commissioner Brim-Edwards moves, Commissioner Singleton seconds. — Amendment 53 fails.",,FY Budget,Countywide,https://multnomah.granicus.com/AgendaViewer.php?view_id=3&clip_id=3516,Nay,Nay,Nay,Yea,Nay,Not in office,Not in office,Not in office,Not in office,Not in office,Not in office,Not in office
2026-06-04,R.5,60,"Public Hearing and Consideration of a RESOLUTION Adopting the Fiscal Year 2027 Budget for Multnomah County and Making Appropriations Thereunder, Pursuant to ORS 294.456.",Amendment,"Amendment 47. Commissioner Singleton moves, no second. Vice Chair Jones-Dixon moves to reconsider Amendment 47, Commissioner Moyer seconds. — The amendment passes.",,FY Budget,Countywide,https://multnomah.granicus.com/AgendaViewer.php?view_id=3&clip_id=3516,Yea,Yea,Yea,Yea,Yea,Not in office,Not in office,Not in office,Not in office,Not in office,Not in office,Not in office
2026-06-04,R.5,61,"Public Hearing and Consideration of a RESOLUTION Adopting the Fiscal Year 2027 Budget for Multnomah County and Making Appropriations Thereunder, Pursuant to ORS 294.456.",Amendment,"Commissioner Singleton moves to consider the amendments as a package, Vice Chair Jones-Dixon seconds. — The department amendments are approved.",,FY Budget,Countywide,https://multnomah.granicus.com/AgendaViewer.php?view_id=3&clip_id=3516,Yea,Yea,Yea,Yea,Yea,Not in office,Not in office,Not in office,Not in office,Not in office,Not in office,Not in office
2026-06-04,R.5,62,"Public Hearing and Consideration of a RESOLUTION Adopting the Fiscal Year 2027 Budget for Multnomah County and Making Appropriations Thereunder, Pursuant to ORS 294.456.",Amendment,"Commissioner Singleton moves, Commissioner Moyer seconds. — The Attachment B Appropriation Schedule as amended by Attachment A is approved.",,FY Budget,Countywide,https://multnomah.granicus.com/AgendaViewer.php?view_id=3&clip_id=3516,Yea,Yea,Yea,Yea,Yea,Not in office,Not in office,Not in office,Not in office,Not in office,Not in office,Not in office
2026-06-04,R.5,63,"Public Hearing and Consideration of a RESOLUTION Adopting the Fiscal Year 2027 Budget for Multnomah County and Making Appropriations Thereunder, Pursuant to ORS 294.456.",Amendment,"Commissioner Singleton moves to consider Budget Notes Attachment C as a package, Commissioner Moyer seconds. — The Attachment C Budget Notes are approved as amended.",,FY Budget,Countywide,https://multnomah.granicus.com/AgendaViewer.php?view_id=3&clip_id=3516,Yea,Yea,Yea,Yea,Yea,Not in office,Not in office,Not in office,Not in office,Not in office,Not in office,Not in office
2026-06-11,R.6,1,"Second Reading of Ordinance Creating Safe School Zones in Multnomah County, Oregon.",Amendment,"Commissioner Brim-Edwards moves, Commissioner Moyer seconds. Commissioner Singleton moves to amend, Vice Chair Jones-Dixon seconds. — The amendment passes.",,Public Safety,Countywide,https://multnomah.granicus.com/AgendaViewer.php?view_id=3&clip_id=3518,Yea,Yea,Yea,Yea,Yea,Not in office,Not in office,Not in office,Not in office,Not in office,Not in office,Not in office
2026-06-11,R.6,2,"Second Reading of Ordinance Creating Safe School Zones in Multnomah County, Oregon.",Amendment,Chair Vega Pederson passes the gavel to Vice Chair Jones-Dixon and moves to amend. — The amendment passes.,,Public Safety,Countywide,https://multnomah.granicus.com/AgendaViewer.php?view_id=3&clip_id=3518,Yea,Yea,Yea,Yea,Yea,Not in office,Not in office,Not in office,Not in office,Not in office,Not in office,Not in office
2026-06-11,R.6,3,"Second Reading of Ordinance Creating Safe School Zones in Multnomah County, Oregon.",Amendment,Vice Chair Jones-Dixon passes the gavel back to Chair Vega Pederson. — The second reading is approved as amended.,,Public Safety,Countywide,https://multnomah.granicus.com/AgendaViewer.php?view_id=3&clip_id=3518,Yea,Yea,Yea,Yea,Yea,Not in office,Not in office,Not in office,Not in office,Not in office,Not in office,Not in office
2026-07-02,R.1,1,Adopting a Population Emergency Release Plan for the Department of Community Justice Juvenile Services Division (JSD) Facilities to be Implemented in accordance with ORS § 419A.055 in the event that the maximum capacity of the juvenile detention facility is exceeded.,Amendment,"Vice Chair Jones-Dixon moves, Commissioner Moyer seconds. Commissioner Brim-Edwards moves to amend, Commissioner Moyer seconds. — The amendment is approved.",,Public Safety,Countywide,https://multnomah.granicus.com/AgendaViewer.php?view_id=3&clip_id=3540,Yea,Yea,Yea,Yea,Yea,Not in office,Not in office,Not in office,Not in office,Not in office,Not in office,Not in office
2026-07-02,R.1,2,Adopting a Population Emergency Release Plan for the Department of Community Justice Juvenile Services Division (JSD) Facilities to be Implemented in accordance with ORS § 419A.055 in the event that the maximum capacity of the juvenile detention facility is exceeded.,Amendment,"Commissioner Brim-Edwards moves to amend section 3 of the addendum, Commissioner Jones-Dixon seconds. Commissioner Brim-Edwards moves to amend section 3 of the addendum, Commissioner Moyer seconds. — The amendment fails.",,Public Safety,Countywide,https://multnomah.granicus.com/AgendaViewer.php?view_id=3&clip_id=3540,Nay,Yea,Nay,Yea,Nay,Not in office,Not in office,Not in office,Not in office,Not in office,Not in office,Not in office
2026-07-23,R.3,1,11:00 am Time Certain - Resolution codifying the terms of engagement for the county’s negotiation of an intergovernmental agreement with the City of Portland for an investment in the renovation and maintenance of the Moda Center Arena.,Procedural,"Commissioner Singleton motions to table R.3 (Resolution Affirming the County's Commitment to the Renovation of the Moda Center Arena), Commissioner Brim-Edwards seconds. Chair Vega Pederson calls a special meeting. — The special meeting is approved.",,Economic Development,Countywide,https://multnomah.granicus.com/AgendaViewer.php?view_id=3&clip_id=3551,Yea,Yea,Yea,Yea,Yea,Not in office,Not in office,Not in office,Not in office,Not in office,Not in office,Not in office
2026-08-06,R.1,1,Resolution Affirming the County’s Commitment to the Renovation of the Moda Center Arena.,Amendment,"Commissioner Singleton moves, Vice Chair Jones-Dixon seconds. Vice-Chair Jones-Dixon motions to amend, Commissioner Moyer seconds. — The amendment passes.",,Economic Development,Countywide,https://multnomah.granicus.com/AgendaViewer.php?view_id=3&clip_id=3554,Yea,Yea,Yea,Yea,Yea,Not in office,Not in office,Not in office,Not in office,Not in office,Not in office,Not in office
2026-08-06,R.1,2,Resolution Affirming the County’s Commitment to the Renovation of the Moda Center Arena.,Amendment,"Commissioner Brim-Edwards moves to amend, Commissioner Moyer seconds. — The amendment fails.",,Economic Development,Countywide,https://multnomah.granicus.com/AgendaViewer.php?view_id=3&clip_id=3554,Yea,Nay,Yea,Nay,Nay,Not in office,Not in office,Not in office,Not in office,Not in office,Not in office,Not in office
2026-08-06,R.1,3,Resolution Affirming the County’s Commitment to the Renovation of the Moda Center Arena.,Amendment,"Commissioner Brim-Edwards moves to amend, Commissioner Moyer seconds. — The amendment passes.",,Economic Development,Countywide,https://multnomah.granicus.com/AgendaViewer.php?view_id=3&clip_id=3554,Nay,Yea,Yea,Yea,Nay,Not in office,Not in office,Not in office,Not in office,Not in office,Not in office,Not in office
2026-08-06,R.1,4,Resolution Affirming the County’s Commitment to the Renovation of the Moda Center Arena.,Amendment,"Commissioner Moyer moves to amend, Commissioner Brim-Edwards seconds. — The amendment fails.",,Economic Development,Countywide,https://multnomah.granicus.com/AgendaViewer.php?view_id=3&clip_id=3554,Nay,Yea,Nay,Yea,Nay,Not in office,Not in office,Not in office,Not in office,Not in office,Not in office,Not in office
2026-08-06,R.1,5,Resolution Affirming the County’s Commitment to the Renovation of the Moda Center Arena.,Amendment,"Vice Chair Jones-Dixon moves to reconsider amendment, Commissioner Singleton seconds. — The amendment passes.","The County's minutes list Commissioner Moyer under both AYES and NOS (and say AYES (3) while naming four), so Moyer's vote is left blank.",Economic Development,Countywide,https://multnomah.granicus.com/AgendaViewer.php?view_id=3&clip_id=3554,Yea,,Yea,Nay,Yea,Not in office,Not in office,Not in office,Not in office,Not in office,Not in office,Not in office
2026-08-06,R.1,6,Resolution Affirming the County’s Commitment to the Renovation of the Moda Center Arena.,Amendment,"Commissioner Singleton moves to amend, Commissioner Moyer seconds. Commissioner Moyer proposes friendly amendment, Vice Chair Jones-Dixon seconds. — The friendly amendment passes.",,Economic Development,Countywide,https://multnomah.granicus.com/AgendaViewer.php?view_id=3&clip_id=3554,Yea,Yea,Yea,Yea,Yea,Not in office,Not in office,Not in office,Not in office,Not in office,Not in office,Not in office
2026-08-06,R.1,7,Resolution Affirming the County’s Commitment to the Renovation of the Moda Center Arena.,Amendment,The amendment as amended passes.,,Economic Development,Countywide,https://multnomah.granicus.com/AgendaViewer.php?view_id=3&clip_id=3554,Yea,Yea,Yea,Yea,Yea,Not in office,Not in office,Not in office,Not in office,Not in office,Not in office,Not in office
2026-08-06,R.1,8,Resolution Affirming the County’s Commitment to the Renovation of the Moda Center Arena.,Amendment,"Commissioner Singleton motions to amend the amendment, Vice Chair Jones-Dixon seconds. Commissioner Singleton moves to amend the amendment, Vice Chair Jones-Dixon seconds. — The amendment as amended passes.",,Economic Development,Countywide,https://multnomah.granicus.com/AgendaViewer.php?view_id=3&clip_id=3554,Yea,Nay,Yea,Nay,Yea,Not in office,Not in office,Not in office,Not in office,Not in office,Not in office,Not in office
2026-08-06,R.1,9,Resolution Affirming the County’s Commitment to the Renovation of the Moda Center Arena.,Amendment,"Commissioner Brim-Edwards moves to amend, Commissioner Moyer seconds. Vice Chair Jones-Dixon passes the gavel to Chair Vega Pederson. — The amendment passes.","The minutes list only the three AYES (Brim-Edwards, Moyer, Singleton); Vice Chair Jones-Dixon's and Chair Vega Pederson's votes aren't recorded, so they're left blank.",Economic Development,Countywide,https://multnomah.granicus.com/AgendaViewer.php?view_id=3&clip_id=3554,,Yea,Yea,Yea,,Not in office,Not in office,Not in office,Not in office,Not in office,Not in office,Not in office
2026-08-20,R.2,1,Public Hearing and First Reading of Ordinance Amending MCC Chapter 11.500 - Preschool For All Program Income Tax to Reflect Certain Administrative Code Changes.,Amendment,"Commissioner Singleton moves, Vice Chair Jones-Dixon seconds. Commissioner Singleton moves to amend, Commissioner Moyer seconds. — The amendment passes.",,Early Childhood & Education; Budget & Taxes,Countywide,https://multnomah.granicus.com/AgendaViewer.php?view_id=3&clip_id=3570,Yea,Yea,Yea,Yea,Yea,Not in office,Not in office,Not in office,Not in office,Not in office,Not in office,Not in office
2026-08-27,R.2,1,Public Hearing and Second Reading of Ordinance Amending MCC Chapter 11.500 - Preschool For All Program Income Tax to Reflect Certain Administrative Code Changes.,Amendment,"Commissioner Singleton moves, Vice Chair Jones-Dixon seconds. Commissioner Moyer moves to amend, Commissioner Singleton seconds. — The amendment passes.",,Early Childhood & Education; Budget & Taxes,Countywide,https://multnomah.granicus.com/AgendaViewer.php?view_id=3&clip_id=3575,Yea,Yea,Yea,Yea,Yea,Not in office,Not in office,Not in office,Not in office,Not in office,Not in office,Not in office
2026-08-27,R.4,1,Resolution Adopting the Multnomah County 2026 Climate Justice Plan.,Amendment,"Commissioner Singleton moves, Commissioner Brim-Edwards seconds. Commissioner Moyer moves to amend, Vice-Chair Jones-Dixon seconds. — The amendment passes.",,Environment & Energy,Countywide,https://multnomah.granicus.com/AgendaViewer.php?view_id=3&clip_id=3575,Yea,Yea,Yea,Yea,Yea,Not in office,Not in office,Not in office,Not in office,Not in office,Not in office,Not in office
2026-08-27,R.4,2,Resolution Adopting the Multnomah County 2026 Climate Justice Plan.,Amendment,"Commissioner Brim Edwards moves to amend, Commissioner Moyer seconds. — The amendment passes.",,Environment & Energy,Countywide,https://multnomah.granicus.com/AgendaViewer.php?view_id=3&clip_id=3575,Yea,Yea,Nay,Yea,Yea,Not in office,Not in office,Not in office,Not in office,Not in office,Not in office,Not in office
2026-08-27,R.4,3,Resolution Adopting the Multnomah County 2026 Climate Justice Plan.,Procedural,"Commissioner Singleton moves to consider an item under unanimous consent, Commissioner Moyer seconds. — Consideration of the matter is approved.",,Environment & Energy,Countywide,https://multnomah.granicus.com/AgendaViewer.php?view_id=3&clip_id=3575,Yea,Yea,Yea,Yea,Yea,Not in office,Not in office,Not in office,Not in office,Not in office,Not in office,Not in office
