date,item,outlet,headline,url,image
2017-07-27,R.1,Oregon Public Broadcasting,Multnomah County Likely To Pursue Lawsuit Against Opioid Makers,https://www.opb.org/news/article/multnomah-county-opioids-public-nuisance-lawsuit/,https://opb-opb-prod.cdn.arcpublishing.com/resizer/v2/SQGQKHDXTRBCXCX67GMLEQZDKA.jpg?auth=c7225c7ee4048571bb6469d76c984df07c6fdfb2b91aec192ae36492472efcd0&width=1200&height=675&smart=true
2017-09-13,S.1,Lake Oswego Review,Lake Oswego's Andrea Salinas will represent House District 38,https://www.lakeoswegoreview.com/news/lake-oswegos-andrea-salinas-will-represent-house-district-38/article_b9c31885-2ff0-5bf3-9b60-c1a4e3717121.html,
2017-11-09,R.5,Willamette Week,Multnomah County Commission Votes to Sell Never-Used Wapato Jail for $10.8 Million,https://www.wweek.com/news/courts/2017/11/09/multnomah-county-commission-votes-to-sell-never-used-wapato-jail-for-10-8-million/,https://www.wweek.com/resizer/v2/https%3A%2F%2Fs3.amazonaws.com%2Farc-wordpress-client-uploads%2Fwweek%2Fwp-content%2Fuploads%2F2017%2F03%2F16111704%2Fimage11_WapatoJail_WWStaff.jpg?smart=true&auth=46651360ee9ed17d3fc8d45322b012097a8082db99a2677eac066a8dcde59a60&width=1200&height=630
2017-11-29,S.1,Sandy Post,Hood River resident Jeff Helfrich appointed to House 52 seat,https://www.sandypost.com/news/hood-river-resident-jeff-helfrich-appointed-to-house-52-seat/article_00a3c833-c794-5428-9e84-50f15e547768.html,
2018-01-25,R.2,KATU,County commissioners approve homeless shelter in Foster-Powell neighborhood,https://katu.com/news/local/county-commissioners-set-to-vote-on-proposed-homeless-shelter-in-foster-powell-neighborhoo,https://katu.com/resources/media/c0a62261-275f-4a79-8320-084ff912ab74-jumbo16x9_6144SEFosterRdPhotofromKATUreporterKeatonThomas.jpg?1516894889584
2018-01-29,S.1,Lake Oswego Review,Lake Oswego's Rob Wagner picked to replace Devlin in state Senate,https://www.lakeoswegoreview.com/news/lake-oswegos-rob-wagner-picked-to-replace-devlin-in-state-senate/article_ce5a0228-c6aa-5fac-ab50-ea59a7d0a3d8.html,
2018-04-12,R.10,Portland Mercury,County Commission Votes to Sell Wapato Jail for $5 Million,https://www.portlandmercury.com/news/county-commission-votes-to-sell-wapato-jail-for-5-million-19812236/,https://i0.wp.com/www.portlandmercury.com/wp-content/uploads/2018/04/1523579715-wapato_jail_facility.jpg.jpg?fit=700%2C466&ssl=1
2018-04-19,R.3,KGW,Historic Multnomah County Courthouse up for sale,https://www.kgw.com/article/news/local/historic-multnomah-county-courthouse-up-for-sale/283-543070518,
2018-06-28,R.3,NW Labor Press,Multnomah County drops workload language in new ambulance contract,https://nwlaborpress.org/2018/07/multnomah-county-drops-workload-language-in-new-ambulance-contract/,
2018-06-28,R.5,Willamette Week,Relations Between Government and the Governed Reached a New Low When Multnomah County Commissioners Fired a Volunteer Panel,https://www.wweek.com/news/2019/01/30/relations-between-government-and-the-governed-reached-a-new-low-when-multnomah-county-commissioners-fired-a-volunteer-panel/,https://www.wweek.com/resizer/v2/https%3A%2F%2Fs3.amazonaws.com%2Farc-wordpress-client-uploads%2Fwweek%2Fwp-content%2Fuploads%2F2019%2F01%2F29165052%2Fnews_CIC2_MotoyaNakamura_MultCounty_4514.jpg?smart=true&auth=e08d231ebc294f6f7a5b167c25278788396aaea418a61a20fd1890d44d6374c5&width=1200&height=630
2018-07-12,R.2,KOIN 6,Multnomah County bans traveling animal circuses,https://www.koin.com/news/multnomah-county-bans-traveling-animal-circuses/,
2018-12-13,R.7,Portland Tribune,Citizen committee now under Multnomah County's sway,https://portlandtribune.com/2018/12/18/citizen-committee-now-under-multnomah-countys-sway/,https://portlandtribune.com/wp-content/uploads/sites/20/2025/07/3f8628e14853b63a1d3da5c532440367.jpg
2019-01-17,R.6,Willamette Week,Multnomah County Bought a Shell of a Building for a Portland Mental Health Center. Was It Suckered?,https://www.wweek.com/news/city/2019/05/15/multnomah-county-bought-a-shell-of-a-building-for-a-portland-mental-health-center-was-it-suckered/,https://www.wweek.com/resizer/v2/https%3A%2F%2Fs3.amazonaws.com%2Farc-wordpress-client-uploads%2Fwweek%2Fwp-content%2Fuploads%2F2019%2F05%2F14173022%2Fnews_333ParkStBuiding_WesleyLapointe_4529.jpg?smart=true&auth=f480fac9491ee778584c92ec3ecfd69ced49c97a45b0df86e6ecf400864dc4f0&width=1200&height=630
2019-06-06,R.7,Willamette Week,Commissioners Update Multnomah County Code With Gender Neutral Pronouns,https://www.wweek.com/news/2019/06/17/commissioners-update-multnomah-county-code-with-gender-neutral-pronouns/,https://www.wweek.com/resizer/v2/https%3A%2F%2Fs3.amazonaws.com%2Farc-wordpress-client-uploads%2Fwweek%2Fwp-content%2Fuploads%2F2019%2F06%2F17112639%2F48015962551_f06352f284_o.jpg?smart=true&auth=22284e1c6680026b90ba6745655b62ed475b6e5105cb28d156e10e2f73a5215e&width=1200&height=630
2019-10-10,R.2,Oregon Public Broadcasting,Multnomah County Passes Ordinance To Address Public Health At Food Cart Pods,https://www.opb.org/news/article/multnomah-county-food-cart-pods-health-safety-ordinance/,https://www.opb.org/pf/resources/images/opb/opb-default.jpg?d=217
2019-10-31,R.1,Oregon Public Broadcasting,Multnomah County Moves Forward To Hold Fossil Fuel Industries Accountable,https://www.opb.org/news/article/portland-multnomah-county-fossil-fuel-industries-willamette-river-damages-fees/,https://opb-opb-prod.cdn.arcpublishing.com/resizer/v2/PJPPVKCB6JDMBJ2SAARIQ47H4U.jpg?auth=e7c32b20475352dacd9a555c83341bf7ae647e795edb61a1b4602b99d503e723&width=1200&height=675&focal=1440%2C540
2019-12-05,R.1,KGW,Multnomah County to increase vehicle registration fees,https://www.kgw.com/article/news/local/multnomah-county-to-increase-vehicle-registration-fees/283-664b1fcc-6c0f-4560-b889-cf9e9f0161bc,
2020-01-09,R.3,Portland Tribune,Multnomah County OKs continued refugee resettlement,https://pamplinmedia.com/go/42-news/449544-366188-multnomah-county-oks-continued-refugee-resettlement,
2020-01-16,R.2,Oregon Public Broadcasting,Multnomah County Commission Appoints Replacement For Rep. Jennifer Williamson's House Seat,https://www.opb.org/news/article/multnomah-county-commission-appoints-akasha-lawrence-spence/,https://opb-opb-prod.cdn.arcpublishing.com/resizer/v2/YY5BS6H6FFFJRFUBYM6WDP2H3I.jpg?auth=ca22a6a3999308477925deb333e93b61182392cfb79c547465d03b7584452d87&width=1200&height=675&smart=true
2020-03-05,R.1,Portland Tribune,Multnomah County to send library bond to voters,https://portlandtribune.com/2020/03/10/multnomah-county-to-send-library-bond-to-voters/,https://portlandtribune.com/wp-content/uploads/sites/20/2025/07/6dab1e889b0737c5bb24b27d28904744.jpg
2020-03-19,UC.2,Oregon Public Broadcasting,"Portland, Multnomah County Enact Temporary Moratorium on Evictions",https://www.opb.org/news/article/portland-multnomah-county-moratorium-evictions-coronavirus/,https://opb-opb-prod.cdn.arcpublishing.com/resizer/v2/UV4FLXTWWFC7TJPZ74A2MWMQ2Q.jpg?auth=908f812591ac1aa1397d3617694ffca22205da422a76492c900194fe5e4cc3f4&width=1200&height=675&smart=true
2020-06-04,UC.1,Oregon Public Broadcasting,Multnomah County Applies To Reopen While Still Seeking Contact Tracers,https://www.opb.org/news/article/multnomah-county-reopen-contract-tracers-language/,https://opb-opb-prod.cdn.arcpublishing.com/resizer/v2/3OGF7UCLO5ADTLP2DA4XQBQKUI.jpg?auth=94f4993c483ebcc77ce92f9b678f85d46a7e36e5f0c1e9572cdaadde9164d676&width=1200&height=675&smart=true
2020-06-23,R.1,Oregon Public Broadcasting,Multnomah County Passes $2 Billion Budget With Small Cuts To Sheriff's Office,https://www.opb.org/news/article/multnomah-county-passes-2-billion-budget-cuts-to-sheriffs-office/,https://www.opb.org/pf/resources/images/opb/opb-default.jpg?d=217
2020-09-03,R.2,KOIN 6,"Multnomah County wrestles with preschool measures, legal issues",https://www.koin.com/news/civic-affairs/multnomah-county-wrestles-with-preschool-measures-legal-issues/,
2020-09-24,R.2,Willamette Week,Multnomah County Board Extends Local Moratorium on Evictions,https://www.wweek.com/news/2020/09/24/multnomah-county-board-extends-local-moratorium-on-evictions/,https://www.wweek.com/resizer/v2/https%3A%2F%2Fs3.amazonaws.com%2Farc-wordpress-client-uploads%2Fwweek%2Fwp-content%2Fuploads%2F2020%2F09%2F24170315%2FP1122053-1.jpg?smart=true&auth=9333c16569dae84b4a671f1750ea6540236282635726fbcf9f70216865e288e7&width=1200&height=630
2020-12-17,R.1,Oregon Public Broadcasting,Multnomah County extends eviction moratorium through July 2021,https://www.opb.org/article/2020/12/17/multnomah-county-extends-eviction-moratorium-through-july/,https://www.opb.org/pf/resources/images/opb/opb-default.jpg?d=217
2020-12-17,R.1,Willamette Week,"Multnomah County Commissioners Vote to Extend Residential Eviction Moratorium Through July 2, 2021",https://www.wweek.com/news/2020/12/17/multnomah-county-commissioners-vote-to-extend-residential-eviction-moratorium-through-july-2-2021/,https://www.wweek.com/resizer/v2/https%3A%2F%2Fs3.amazonaws.com%2Farc-wordpress-client-uploads%2Fwweek%2Fwp-content%2Fuploads%2F2020%2F12%2F17174038%2F260A1504.jpg?smart=true&auth=30a37987cf11602da1aa6bc9784b3709be5b36313f274847d1bbe5f24b076484&width=1200&height=630
2021-01-14,R.1,KATU,"Multnomah County rescinds eviction moratorium, defaults to state guidelines",https://katu.com/news/local/multnomah-county-rescinds-eviction-moratorium-defaults-to-state-guidelines,https://katu.com/resources/media/84c18bb5-0201-4abf-ae08-176b94c0049a-jumbo16x9_ApartmentsRentcaptioned.jpg?1610663047441
2021-03-23,R.2,Willamette Week,"Andrea Valderrama Appointed to Oregon House, Replacing Diego Hernandez",https://www.wweek.com/news/2021/03/23/andrea-valderrama-appointed-to-oregon-house-replacing-diego-hernandez/,https://www.wweek.com/resizer/v2/https%3A%2F%2Fs3.amazonaws.com%2Farc-wordpress-client-uploads%2Fwweek%2Fwp-content%2Fuploads%2F2018%2F04%2F19131721%2F4426_News_Endorsements_City-Council_Andrea-Valderrama_Walker-Stockly_2.jpg?smart=true&auth=2c0a1c56636e0044c530c61c83e8b3417a9ea2636d4cbd792f765e25a979d8d6&width=1200&height=630
2021-04-08,R.4,Willamette Week,Multnomah County Declares Racism a Public Health Crisis,https://www.wweek.com/news/2021/04/09/multnomah-county-declares-racism-is-a-public-health-crisis/,https://www.wweek.com/resizer/v2/https%3A%2F%2Fs3.amazonaws.com%2Farc-wordpress-client-uploads%2Fwweek%2Fwp-content%2Fuploads%2F2021%2F04%2F09164228%2FMHS_0684.jpg?smart=true&auth=af0a361f7dca9da80d6e5f85c62e9fd95dcf880acc482633da58792f6be434a9&width=1200&height=630
2021-04-08,R.4,KATU,Multnomah County declares racism a public health crisis,https://katu.com/news/local/multnomah-county-declares-racism-a-public-health-crisis,https://katu.com/resources/media/ca80e329-da52-44a0-a008-82fb6a8662ac-jumbo16x9_Racismpublichealthcaptioned.jpg?1617934051872
2021-06-03,R.1,Oregon Public Broadcasting,"Multnomah County approves $2.8 billion budget with funding for homeless services, gun violence prevention",https://www.opb.org/article/2021/06/03/multnomah-county-homeless-shelters-budget/,https://www.opb.org/pf/resources/images/opb/opb-default.jpg?d=217
2021-06-03,R.1,KGW,Multnomah County commissioners approve $2.82 billion budget,https://www.kgw.com/article/money/multnomah-county-commissioners-approve-historic-282-billion-budget/283-57cc5ac5-fa75-4099-a71c-116775d4db05,
2021-07-08,R.2,Portland Mercury,Multnomah County Renters Protected From Eviction for 90 Days Under New Policy,https://www.portlandmercury.com/Housing/2021/07/08/34823018/multnomah-county-renters-protected-from-eviction-for-90-days-under-new-policy,https://i0.wp.com/www.portlandmercury.com/wp-content/uploads/2021/07/1625770166-1584469178-49652311233_e3476de6e1_c.jpeg.jpg?fit=700%2C394&ssl=1
2021-07-08,R.2,KATU,Multnomah County extends 'safe harbor' eviction protections to 90 days,https://katu.com/news/local/multnomah-county-extends-safe-harbor-eviction-protections-to-90-days,https://katu.com/resources/media/55e9cda9-04c2-4b29-a861-cca7dd352a80-jumbo16x9_AP17118598751695.jpg?1625770948248
2021-10-21,R.6,NW Labor Press,Multnomah County votes for labor harmony,https://nwlaborpress.org/2021/11/multnomah-county-votes-for-labor-harmony/,
2021-11-09,R.2a,Oregon Public Broadcasting,Multnomah County board OKs its portion of $38 million homeless service package,https://www.opb.org/article/2021/11/09/multnomah-county-board-oks-its-portion-of-38-million-homeless-service-package/,https://opb-opb-prod.cdn.arcpublishing.com/resizer/v2/JPJ7QMGIBNG5ZMXFB5HAOWA6FU.jpg?auth=c187a991c621cb86f1a7e10432c5498f8cc5498d39dc00871b7cf03731263ac7&width=1200&height=675&smart=true
2021-11-29,R.2,Oregon Public Broadcasting,Former State Rep. Akasha Lawrence-Spence appointed to Oregon Senate,https://www.opb.org/article/2021/11/29/former-state-rep-akasha-lawrence-spence-appointed-to-oregon-senate/,https://opb-opb-prod.cdn.arcpublishing.com/resizer/v2/K5PRDENDBNFTDI5B3IFTDY4IJU.jpg?auth=365ae4faead60501441bce0d9de7533d6b9ccfe059af64f573ccdc590e1a42ac&width=1200&height=675&focal=159%2C138
2021-12-16,R.4,Oregon Public Broadcasting,Multnomah County adopts plan to phase out gas-powered leaf blowers,https://www.opb.org/article/2021/12/16/multnomah-county-adopts-plan-to-phase-out-gas-powered-leaf-blowers/,https://www.opb.org/pf/resources/images/opb/opb-default.jpg?d=217
2022-02-17,R.2,Oregon Public Broadcasting,"Citing racial health disparities, Multnomah County tightens wood smoke rules",https://www.opb.org/article/2022/02/17/citing-racial-health-disparities-multnomah-county-tightens-wood-smoke-rules/,https://opb-opb-prod.cdn.arcpublishing.com/resizer/v2/QC3TFO4Y35FKFBBBVEUZRO6F5I.png?auth=754bc91353932d7d9b40367cd8cb5eb0da4c4159ff786d600ae0cc08b6b5d035&width=1200&height=675&smart=true
2022-04-21,R.2,KPTV,Multnomah County commissioners vote unanimously to ban autopsies performed for paying audience,https://www.kptv.com/2022/04/14/multnomah-county-commissioners-consider-banning-autopsies-performed-paying-audience/,https://gray-kptv-prod.gtv-cdn.com/resizer/v2/56OLIQKFGNAVHDZNFLP36RDQTM.png?auth=3914cd71bdf8a1604137852ec9597fe0d4425fa4fe2ee0bb1d0d5097286a819d&width=1200&height=600&smart=true
2022-06-09,R.6,KPTV,Multnomah County commissioners to vote on abortion protections,https://www.kptv.com/2022/06/09/multnomah-county-commissioners-vote-abortion-protections/,https://gray-kptv-prod.gtv-cdn.com/resizer/v2/O5CFXDVZB5HCXOKZEVHZFJJPME.png?auth=d343900ef276dc56a81d673f62da781442558d189475c664abf118bc9f64a71d&width=1200&height=600&smart=true
2022-06-16,R.1,KGW,Multnomah County commissioners approve record investment in homeless services from $3.32 billion budget,https://www.kgw.com/article/news/local/homeless/record-332-billion-county-budget-passed-most-money-going-towards-homeless-crisis/283-d25bed1e-791a-49de-85c6-620534d13b4f,
2022-08-11,R.1,Portland Mercury,"Multnomah County Voters Will Weigh in On Voting Rights, Jail Inspections, and Ranked Choice Voting This November",https://www.portlandmercury.com/news/2022/08/11/44858325/multnomah-county-voters-will-weigh-in-on-voting-rights-jail-inspections-and-ranked-choice-voting-this-november,https://i0.wp.com/www.portlandmercury.com/wp-content/uploads/2022/08/51250195724_552404d129_c.jpg.jpg?fit=799%2C533&ssl=1
2022-11-17,R.2,Portland Mercury,Multnomah County Board Seeks to Rename Sauvie Island Bridge,https://www.portlandmercury.com/news/2022/11/17/46197689/multnomah-county-board-seeks-to-rename-sauvie-island-bridge,https://i0.wp.com/www.portlandmercury.com/wp-content/uploads/2022/11/gettyimages-471337989.jpg.jpg?fit=725%2C482&ssl=1
2022-11-17,R.2,KGW,Multnomah County commissioners rename Sauvie Island Bridge to honor Native American communities,https://www.kgw.com/article/news/local/sauvie-island-bridge-renamed-wapato-bridge/283-7a6448a9-578c-4db7-8c59-75aad831e965,
2022-12-15,R.2,Oregon Public Broadcasting,Multnomah County approves spending plan that doesn’t include funding for city sanctioned camp sites,https://www.opb.org/article/2022/12/15/multnomah-county-homeless-funding-city-sanctioned-camp-sites/,https://opb-opb-prod.cdn.arcpublishing.com/resizer/v2/M44OKMBMFNBFZJJAQPHSNVYYRM.jpg?auth=82e621baf9da6ed7d99dadfda04bd5973072a4adab6a8da16b51ffa21864a8b6&width=1200&height=675&smart=true
2022-12-15,R.2,Portland Mercury,"Multnomah County Board Approves Budget Proposal to Fund Rental Assistance, Defying Wheeler's Demand",https://www.portlandmercury.com/news/2022/12/15/46245499/multnomah-county-board-approves-budget-proposal-to-fund-rental-assistance-defying-wheelers-demand,https://i0.wp.com/www.portlandmercury.com/wp-content/uploads/2022/12/52359746022_4d5e9b5a6d_k.jpg.jpg?fit=2048%2C1152&ssl=1
2022-12-15,R.9,Portland Mercury,Multnomah County Bans Sale of Flavored Tobacco and Nicotine Products,https://www.portlandmercury.com/health/2022/12/15/46245871/multnomah-county-bans-sale-of-flavored-tobacco-and-nicotine-products,https://i0.wp.com/www.portlandmercury.com/wp-content/uploads/2022/12/gettyimages-1175322002.jpg.jpg?fit=1024%2C683&ssl=1
2022-12-15,R.9,KPTV,Multnomah Co. ends sale of flavored tobacco,https://www.kptv.com/2022/12/16/multnomah-co-ends-sale-flavored-tobacco/,https://gray-kptv-prod.gtv-cdn.com/resizer/v2/242FHODN3VCVXKM5N42YLGU4ZM.jpg?auth=9ace420763b4717385c414219be987c599c114554fe7946d66c32f635d7a3f79&width=1200&height=600&smart=true
2023-06-08,R.1,KATU,"Multnomah County approves $3.5B budget focused on addressing homelessness, community violence",https://katu.com/news/local/multnomah-county-approves-35b-budget-focused-on-addressing-homelessness-community-violence,https://katu.com/resources/media/ed26d585-0b6c-4e4f-b5c9-36c3c01e03f7-jumbo16x9_MultnomahCountyBoardmeetingonJune82023PhotocourtesyMultnomahCounty.jpg?1686266428958
2023-06-22,R.10,Oregon Public Broadcasting,Multnomah County sues fossil fuel companies for nearly $52 billion over heat dome,https://www.opb.org/article/2023/06/22/multnomah-county-oregon-plans-sue-fossil-fuel-companies-billions-heat-dome/,https://opb-opb-prod.cdn.arcpublishing.com/resizer/v2/RZTFOSW6GVBNDEIKBQLIZWF4OE.jpg?auth=baa5870860057efab7f9dda8ab2d61083aa015ebb2f66be2f7052b42f7196964&width=1200&height=675&smart=true
2023-06-22,R.10,Portland Mercury,Multnomah County to Sue Big Oil for Billions for Their Role In Deadly Heat Dome Event,https://www.portlandmercury.com/news/2023/06/22/46571084/multnomah-county-to-sue-big-oil-for-billions-for-their-role-in-deadly-heat-dome-event,https://i0.wp.com/www.portlandmercury.com/wp-content/uploads/2023/06/img-4413.jpg-scaled.jpg?fit=2560%2C1701&ssl=1
2023-09-07,R.1,KGW,Why one Multnomah County commissioner voted against spending $17 million on homeless services,https://www.kgw.com/article/news/local/homeless/multnomah-county-homeless-services-budget/283-be033c16-bb5f-48de-85ae-cb7b6465cdbf,
2023-09-28,R.1,Oregon Public Broadcasting,Multnomah County board approves $62 million in unexpected revenue for homeless services,https://www.opb.org/article/2023/09/28/multnomah-county-62-million-toward-homeles-services/,https://opb-opb-prod.cdn.arcpublishing.com/resizer/v2/LG2MJM3VJRFCBOY3FUUR3BFYNY.jpg?auth=93a1d2af786088eccb78ed20743c6dd83da712ec3aa3050ef7b76590e4f55c72&width=1200&height=675&smart=true
2023-09-28,R.1,KGW,'I am disgusted by this proposal': Fiery rhetoric surrounds Multnomah County vote on $62M for homeless services,https://www.kgw.com/article/news/local/the-story/multnomah-county-62-million-homeless-services-funding-plan-behavioral-mental-health/283-e419d41d-73e6-4f58-94c2-3e3cb39b95a3,
2023-09-28,R.1,KOIN 6,"Multnomah County commissioners OK $62.5 million in funding for shelter, rent assistance, recovery",https://www.koin.com/local/multnomah-county/multnomah-county-commissioners-give-city-62-5-million-for-homelessness-services/,
2023-10-12,UC.1,Willamette Week,"Multnomah County Commissioners Fail to Approve Statement on Israel Attack After Tense, Tearful Debate",https://www.wweek.com/news/2023/10/12/multnomah-county-commissioners-fail-to-approve-statement-on-israel-attack-after-tense-tearful-debate/,https://www.wweek.com/resizer/v2/HJFXK4TWLRGXJEV3HVLAST7OM4.jpg?smart=true&auth=e0df974fa257adf211805d6f5c1dc03bdfe239827937787622a0c6b4d203f788&width=1200&height=630
2023-10-12,UC.1,KATU,Multnomah County commissioners at odds over response to Gaza Strip conflict,https://katu.com/news/local/multnomah-county-commissioners-at-odds-over-response-to-gaza-strip-conflict-portland-oregon-morrison-bridge-lights,https://katu.com/resources/media/8842c884-91bb-40e6-b57f-97998e8e62da-jumbo16x9_PhotosofMultnomahCountyboardcourtesythecountyalongsideanimageofthewarontheGazaStripfromCNN.jpg
2023-10-19,R.4,KGW,Multnomah County consider raising health inspection fees,https://www.kgw.com/article/money/business/multnomah-county-health-inspection-fees/283-643ace38-1dac-4fe4-8645-24a45645cdf8,
2023-10-19,R.4,KOIN 6,Restaurants fight proposed cost increases for health inspections after pandemic,https://www.koin.com/local/multnomah-county/still-an-incredibly-difficult-time-local-restaurants-fight-proposed-increases-for-health-inspections/,
2023-11-16,R.6,Willamette Week,Multnomah County Approves 5-Year Lease Agreement for Northeast Portland Motel Shelter,https://www.wweek.com/news/city/2023/11/19/multnomah-county-approves-5-year-lease-agreement-for-northeast-motel-shelter/,https://www.wweek.com/resizer/v2/LRPK6WGCLJDB7KVZRUU5MJFXSU.jpg?smart=true&auth=b047cd38d40ca8592c59f7c4270fcc9d70f797857c3273ef8f2afee4014a19be&width=1200&height=630
2023-11-30,R.7,KPTV,Sauvie Island Bridge renamed to honor Native Americans,https://www.kptv.com/2023/11/30/sauvie-island-bridge-renamed-honor-native-americans/,https://gray-kptv-prod.gtv-cdn.com/resizer/v2/FWBE6VULYVDGZA5TTK3DBQ53KE.PNG?auth=c366495d68a6f97e55e577b62f32c263fc807088956ee1ae0548e486fbe3873c&width=1200&height=600&smart=true
2023-11-30,R.7,KOIN 6,Multnomah County renames Sauvie Island Bridge to honor Indigenous community,https://www.koin.com/news/politics/multnomah-county-renames-sauvie-island-bridge-to-honor-indigenous-community/,
2024-02-01,R.1,KATU,Multnomah County approves resolution declaring 90-day fentanyl emergency,https://katu.com/news/local/multnomah-county-approves-resolution-declaring-90-day-fentanyl-emergency,https://katu.com/resources/media/defa01d6-9f9d-477a-864f-89767ae75b87-jumbo16x9_setupsotvoMULTCOFENTANYLVOTE500.transfer_frame_1049.jpeg
2024-02-01,R.1,Portland Mercury,Multnomah County Commissioners Clash Over Fentanyl Emergency Declaration,https://www.portlandmercury.com/news/2024/02/05/47020578/multnomah-county-commissioners-clash-over-fentanyl-emergency-declaration,https://i0.wp.com/www.portlandmercury.com/wp-content/uploads/2024/02/53499033016_7c1423a17c_k.jpg.jpg?fit=2047%2C1152&ssl=1
2024-02-22,R.3,Oregon Public Broadcasting,Multnomah County poised to expand affordable housing incentives,https://www.opb.org/article/2024/02/21/multnomah-county-expand-affordable-housing/,https://opb-opb-prod.cdn.arcpublishing.com/resizer/v2/QLWB2ZZQYVBQJMNDCC3LP7VSLA.JPG?auth=e7803c3237bf53e039d85d34249ca734bc1bddf3bc853ab29524f98cf5d4022d&width=1200&height=675&smart=true
2024-02-29,R.2,KPTV,Multnomah Co. commissioners vote to spend $167K studying ambulance service plan,https://www.kptv.com/2024/03/02/multnomah-co-commissioners-vote-spend-167k-studying-ambulance-service-plan/,https://gray-kptv-prod.gtv-cdn.com/resizer/v2/THQSQVLMDZHGZHV4QE3HXRQDKM.png?auth=75257432c5e2b9e57f37e9b760581619f99ac0323a4a5bf328e72d92d06fcf2d&width=1200&height=600&smart=true
2024-02-29,R.2,Portland Tribune,Multnomah County to start lengthy review of ambulance system,https://portlandtribune.com/2024/03/01/multnomah-county-to-start-lengthy-review-of-ambulance-system/,https://portlandtribune.com/wp-content/uploads/sites/20/2025/07/42e2ab1e5ee60d9683f16ad8b132ebf7.jpg
2024-03-07,R.1,Street Roots,Multnomah County unanimously passes Gaza ceasefire resolution,https://www.streetroots.org/news/2024/03/06/multnomah-county-unanimously-passes-gaza-ceasefire-resolution,
2024-03-07,R.1,KOIN 6,Multnomah County commissioners pass resolution calling for Gaza ceasefire,https://www.koin.com/local/multnomah-county/multnomah-county-passes-resolution-for-immediate-ceasefire-in-gaza/,
2024-04-11,R.4,KGW,Multnomah County approves homeless village project in Portland's Montavilla neighborhood,https://www.kgw.com/article/news/local/homeless/multnomah-county-approves-homeless-village-project-portlands-montavilla-neighborhood/283-67a09354-9d6f-4b9a-bd11-690cfc93bed5,
2024-04-11,R.4,KATU,Multnomah County approves $2.3M for Montavilla shelter site construction,https://katu.com/news/local/multnomah-county-approves-23m-for-montavilla-shelter-site-construction-montavilla-neighborhood-association-jessica-vega-pederson-sharon-meieran-julia-brim-edwards,https://katu.com/resources/media/77b305f6-92f1-4aa4-b96a-ea15e3d30dfb-jumbo16x9_MONTAVILLATINYHOMEScaptioned.jpg
2024-04-11,R.5,KPTV,"Multnomah County Board approves design, funding for Montavilla tiny home",https://www.kptv.com/2024/04/12/multnomah-county-board-approves-design-funding-montavilla-tiny-home/,https://gray-kptv-prod.gtv-cdn.com/resizer/v2/XJMJ6G4ZVJAG7OV3PYQRLZNX7E.png?auth=daf2cc4ca3fa1556b32fc7a77076686f85a144d3ef70cc21802f56c43fa47f19&width=1200&height=600&smart=true
2024-04-25,R.1,KOIN 6,"Multnomah County's nearly $4B budget proposal focuses on homelessness, fentanyl",https://www.koin.com/local/multnomah-county/multnomah-countys-nearly-4b-budget-proposal-focuses-on-homelessness-fentanyl/,
2024-06-06,R.1,Willamette Week,Multnomah County Passes $4 Billion Budget After Contentious Session,https://www.wweek.com/news/county/2024/06/06/multnomah-county-passes-4-billion-budget-after-contentious-session/,https://www.wweek.com/resizer/v2/2AQVJ4UEZVH7TOJWHCMJBMJ6TE.JPG?smart=true&auth=0d97268b1c6c2ecd021c0480a1a85e22cec826ff6dd86e0c3c863fcc0787ad59&width=1200&height=630
2024-06-06,R.1,KOIN 6,Multnomah County commissioner expresses displeasure with board passing $3.96 billion budget,https://www.koin.com/local/multnomah-county/unconscionable-multco-commissioner-expresses-displeasure-with-board-passing-3-96-million-budget/,
2024-06-13,R.2,Oregon Public Broadcasting,Multnomah County approves new contract with Portland to oversee homeless response agency,https://www.opb.org/article/2024/06/13/multnomah-county-approves-new-homeless-services-contract-with-city-of-portland/,https://opb-opb-prod.cdn.arcpublishing.com/resizer/v2/NBRT35VFLJBB3NILTFUQOBKH74.jpg?auth=d0b50e6fd823fe575b1be5ff445e7053e01378b7e79a2037c24ba1de81568f63&width=1200&height=675&smart=true
2024-06-13,R.2,Willamette Week,Multnomah County Board Approves New Plan for Homeless Agency,https://www.wweek.com/news/county/2024/06/13/multnomah-county-board-approves-new-plan-for-homeless-agency/,https://www.wweek.com/resizer/v2/V6TWTP4LZNFPTNUIAFX744QJZ4.jpg?smart=true&auth=2b29ce6a64701f2917fac8baaf11b2371d97af772d6e55e8cc73a5c8f554c648&width=1200&height=630
2024-07-11,R.2,KPTV,Multnomah Co. approves revised homeless response agreement with Portland in 4-1 vote,https://www.kptv.com/2024/07/12/multnomah-co-approves-revised-homeless-response-agreement-with-portland-4-1-vote/,https://gray-kptv-prod.gtv-cdn.com/resizer/v2/PWJPNYFBWRFIHDNNLR7UU4CWP4.png?auth=f883e2893641019785bdf7ce9750cb65c542f75c93acdcc880adb02bf789ebdf&width=1200&height=600&smart=true
2024-07-25,R.4,Willamette Week,Multnomah County Board Approves Money for Deflection Center After Marathon Session,https://www.wweek.com/news/2024/07/25/multnomah-county-board-approves-money-for-deflection-center-after-marathon-session/,https://www.wweek.com/resizer/v2/V6TWTP4LZNFPTNUIAFX744QJZ4.jpg?smart=true&auth=2b29ce6a64701f2917fac8baaf11b2371d97af772d6e55e8cc73a5c8f554c648&width=1200&height=630
2024-07-25,R.4,KOIN 6,Multnomah County approves $2M funding for new deflection center amid dissent,https://www.koin.com/local/multnomah-county/deflection-center-plan-vote-fund-controversy-hb-4002/,
2024-07-25,R.5,Oregon Public Broadcasting,Multnomah County officials reject vote on ambulance staffing as AMR mediation comes to an end,https://www.opb.org/article/2024/07/26/multnomah-county-officials-amr-mediation/,https://opb-opb-prod.cdn.arcpublishing.com/resizer/v2/HROWHVXV6BHYHDINVJFTFVXK6Q.jpg?auth=9bde4ff8fd7ded12ffa4b897f415e65f203a93486b03293ed1044dd40708200d&width=1200&height=675&smart=true
2024-07-25,R.5,KOIN 6,Multnomah County Board rejects alternative ambulance resolution amid paramedic shortage,https://www.koin.com/local/multnomah-county/multco-board-rejects-alternative-ambulance-resolution-amid-paramedic-shortage-07252024/,
2024-08-22,R.4,KATU,Resolution to delay opening Multnomah County deflection center fails,https://katu.com/news/local/commissioner-sharon-meieran-resolution-to-delay-opening-multnomah-county-deflection-center-fails-preschool-escuela-viva-chair-jessica-vega-pederson,https://katu.com/resources/media/2fb2711f-ea0d-492d-9c8b-4d367add5af2-jumbo16x9_MultnomahCountyDeflectionCenternobug.jpg
2024-09-05,R.4,Willamette Week,Multnomah County Commissioners Delay Increase in Preschool Tax,https://www.wweek.com/news/2024/09/05/multnomah-county-commissioners-delay-increase-in-preschool-tax/,https://www.wweek.com/resizer/v2/NNNKXWMCQRGLLL7RLYNU72KPBY.jpg?smart=true&auth=c49ae9c688a42254662e9aa7036e00112ee6b7f06a15b257f8b6c422b017714b&width=1200&height=630
2024-09-05,R.4,KOIN 6,Multnomah County delays Preschool for All tax increase,https://www.koin.com/local/multnomah-county/delay-preschool-for-all-tax-increase/,
2024-09-19,R.4,KATU,County commissioners approve $3.9M for new preschool seats in Multnomah Co.,https://katu.com/news/local/county-commissioners-approve-39m-for-new-preschool-seats-in-multnomah-co,https://katu.com/resources/media2/16x9/1920/1320/center/90/b613e211-efd7-4fdc-912b-f97914cbbb6c-94759332ffd74522ba25c48ea01b22ccFILEHSKidsinClass1_frame_4345.jpeg
2024-12-05,R.5,Willamette Week,Multnomah County Appropriates Another $1.8 Million for Deflection Center as Costs Almost Double,https://www.wweek.com/news/2024/12/05/multnomah-county-appropriates-another-18-million-for-deflection-center-as-costs-almost-double/,https://www.wweek.com/resizer/v2/LJADYX4LZJF4JFOCUNA2HMAMHI.JPG?smart=true&auth=91a58181e66ef5f8d0361434bb695a292d81735819c8ef47a01b45802c351eca&width=1200&height=630
2024-12-19,R.1,KOIN 6,Multnomah County approves $4M for Harrison Community Village shelter,https://www.koin.com/news/portland/multnomah-county-approves-4-million-for-harrison-community-village-shelter/,
2025-01-15,S.1,Portland Tribune,"New Oregon House member will serve portions of Portland, Washington Co.",https://portlandtribune.com/2025/01/22/new-oregon-house-member-will-serve-portions-of-portland-washington-co/,https://portlandtribune.com/wp-content/uploads/sites/20/2025/07/f8b40305daa9e0c408e456755d27317b.png
2025-05-08,R.1,KATU,Multnomah County board votes to accept Chair Vega-Pederson's $4B budget proposal,https://katu.com/news/local/multnomah-county-board-votes-to-accept-chair-vega-pedersons-4b-budget-proposal,https://katu.com/resources/media2/16x9/2420/1320/0x228/90/9edcf084-f948-452b-8af9-394f3f57fc2a-processed23614F86AAAF446BA1E25E902CBF8F95.jpeg
2025-06-12,R.5,KGW,Multnomah County commissioners pass $4 billion budget amid 'painful tradeoffs',https://www.kgw.com/article/news/local/the-story/multnomah-county-commissioners-pass-4b-budget-amendments/283-174e1bdb-a628-4b4c-b9e8-7c72eaa24b73,
2025-06-12,R.5,Portland Tribune,Multnomah County approved $4 billion budget after cuts,https://portlandtribune.com/2025/06/13/multnomah-county-approved-4-billion-budget-after-cuts/,https://portlandtribune.com/wp-content/uploads/sites/20/2025/07/Portland-Tribune.png
2025-07-24,R.1,KPTV,Multnomah County approves ranked choice voting,https://www.kptv.com/2025/07/25/multnomah-county-approves-ranked-choice-voting/,https://gray-kptv-prod.gtv-cdn.com/resizer/v2/72O2GBORZBA4HGAE3UVKCZMXKM.png?auth=e5fde5289486b69f5cc9865b91dff557cc12dfe782d7ea732f96776ac7a7d0d7&width=1200&height=600&smart=true
2025-08-21,R.3,Oregon Public Broadcasting,Multnomah County leaders delay proposed Preschool For All funding changes,https://www.opb.org/article/2025/08/21/multnomah-county-delay-preschool-for-all-funding/,https://opb-opb-prod.cdn.arcpublishing.com/resizer/v2/QG77PX3OIRAAHFSO3YGDSI733Q.JPG?auth=c76e8838420020d18b22c07db9d0470db0683d820a964d5223aaafe00cbcb33d&width=1200&height=675&smart=true
2025-08-21,R.3,Willamette Week,County Board Votes to Delay Discussion of Indexing Preschool for All Tax,https://www.wweek.com/news/2025/08/21/county-board-votes-to-delay-discussion-of-indexing-preschool-for-all-tax/,https://www.wweek.com/resizer/v2/SRZS7SW6BBGFTKU7WCS7NC736U.jpg?smart=true&auth=ffba9ff65864baef053e4bb12567c1ccb5b20c9e2b0bc5e04d190a040a549295&width=1200&height=630
2025-09-04,R.2,KGW,Multnomah County commissioners vote to ban concealed guns from county buildings,https://www.kgw.com/article/news/politics/multnomah-county-concealed-gun-ban-ordinance-pass/283-37cb4392-5991-4d73-b624-d43cae2752fe,
2025-09-04,R.2,KATU,Multnomah County bans concealed carry in some buildings,https://katu.com/news/local/multnomah-county-bans-concealed-carry-in-some-buildings,https://katu.com/resources/media2/16x9/3264/1320/1x144/90/a5174c3e-e72f-4766-9fa6-550b4da2807d-IMG_3472.JPG
2025-10-30,R.4,Portland Mercury,Multnomah County Pauses New Housing Vouchers After Losing State Funding,https://www.portlandmercury.com/news/2025/11/03/48105724/multnomah-county-pauses-new-housing-vouchers-after-losing-state-funding,https://i0.wp.com/www.portlandmercury.com/wp-content/uploads/2025/11/54353173546_74ba6ce2ea_k.webp.webp?fit=2048%2C1366&ssl=1
2025-10-30,R.4,KATU,Multnomah County cutting some homeless services due to loss of $28 million in state funds,https://katu.com/news/local/mult-co-forced-to-make-cuts-to-homeless-services-due-to-decline-in-state-funding,https://katu.com/resources/media2/16x9/1280/1320/center/90/8096c0b2-431c-4cc5-942b-ed560b327489-JOHSFUTUREcaptioned.jpg
2025-11-06,R.2,KATU,"Multnomah County approves $100K for Oregon Food Bank, other orgs during SNAP cutoff",https://katu.com/news/local/multnomah-county-approves-100k-for-oregon-food-bank-supplemental-nutrition-assistance-program-snap-federal-government-shutdown,https://katu.com/resources/media2/16x9/1024/1320/0x54/90/f4a98d09-03b1-44c0-945c-4c9497657d61-AP25310644342669.jpg
2025-11-06,R.2,Portland Tribune,Multnomah County taps into contingency fund to provide food assistance,https://portlandtribune.com/2025/11/07/multnomah-county-taps-into-contingency-fund-to-provide-food-assistance/,https://portlandtribune.com/wp-content/uploads/sites/20/2025/05/Food-family-heads-home-with-groceries-Courtesy-of-the-Oregon-Food-Bank.jpg
2025-11-06,R.2,KOIN 6,'Absolutely a lifeline': Multnomah County approves $100K in food assistance amid SNAP lapse,https://www.koin.com/news/portland/absolutely-a-lifeline-multnomah-county-approves-100k-in-food-assistance-amid-snap-lapse/,
2025-12-18,R.2,KGW,Multnomah County board puts $250K toward sanctuary policies after ICE emergency declaration,https://www.kgw.com/article/news/politics/immigration-news/multnomah-county-250k-sanctuary-resolution-ice-emergency-immigration/283-d9a67c59-071e-4a9a-bc6b-f62de16f015b,
2025-12-18,R.2,KPTV,Multnomah County strengthens sanctuary status; Sets aside $250K for migrant legal support,https://www.kptv.com/2025/12/19/multnomah-county-strengthens-sanctuary-status-sets-aside-250k-migrant-legal-support/,https://gray-kptv-prod.gtv-cdn.com/resizer/v2/2NHLJ7CCSZGPXJFEC3PWZQDBEE.png?auth=d5e59303ce3974a8319b1d449d1098b9e854cc235456216a19437ef9e72b9727&width=1200&height=600&smart=false&focal=1101%2C219
2026-02-26,R.3,KATU,Multnomah County Commissioners vote for more accountability for people caught with drugs,https://katu.com/news/local/multnomah-county-commissioners-vote-for-more-accountability-for-people-caught-with-drugs,https://katu.com/resources/media2/16x9/1280/1320/center/90/463bdad4-b63f-490d-b030-64f8bb861b75-Multnomahcountydeflectioncenterdeflectioncaptioned.jpg
2026-04-09,R.1,KPTV,Commissioners divided on new Multnomah County Homeless Services director,https://www.kptv.com/2026/04/10/commissioners-divided-new-multnomah-county-homeless-services-director/,https://gray-kptv-prod.gtv-cdn.com/resizer/v2/CSO6XW6KWBGDJPCKLAQ7YCANGM.png?auth=408618c977907164b5ca597df340430f9f7cfaecaa558e7156688b23692a1c0b&width=1200&height=600&smart=false&focal=1008%2C367
2026-04-09,R.1,KOIN 6,Incoming homeless services director approved despite concerns from Multnomah County leaders,https://www.koin.com/local/multnomah-county/incoming-homeless-services-director-approved-despite-concerns-from-multnomah-county-leaders/,
2026-04-09,R.2,KOIN 6,Multnomah County Commissioners unanimously vote to protect immigrant communities,https://www.koin.com/local/multnomah-county/county-commissioners-unanimously-approves-sanctuary-ordinance/,
2026-04-09,R.2,KPTV,Multnomah County unanimously approves ordinance expanding sanctuary protections,https://www.kptv.com/2026/04/09/multnomah-county-adopts-ordinance-strengthening-sanctuary-protections/,https://gray-kptv-prod.gtv-cdn.com/resizer/v2/56NGEKV7ZVDY7CPOQKARNCUWT4.jpg?auth=f1047bc74ddcf3736bd8ca40fea476cc50bc79b5885c5a600c987374aedb5171&width=1200&height=600&smart=true
2026-04-09,R.2,KATU,Multnomah County passes ordinance to expand sanctuary protection policies,https://katu.com/news/local/multnomah-county-passes-ordinance-to-expand-sanctuary-protection-policies-chair-jessica-vega-pederson-immigration-enforcement,https://katu.com/resources/media2/16x9/1280/1320/center/90/998b4b28-e30a-4ac0-8903-aa95146625dd-MULTCOSANCTUARYVOTEcaptioned.jpg
2026-06-04,R.5,KATU,$4 billion Multnomah County budget set; at least 158 positions eliminated,https://katu.com/news/your-voice-your-vote/4-billion-multnomah-county-budget-set-at-least-158-positions-eliminated-oregon-your-voice-your-vote-politics-portland-jessica-vega-pederson,https://katu.com/resources/media2/16x9/1280/1320/1x0/90/d96eb68f-91cd-44f8-bcf2-494c825ee0e7-JVPCOUNTYBUDGETcaptioned2.jpg
2026-06-04,R.5,KOIN 6,"Board of Commissioners passes $4B budget after cuts to several programs, 158 full-time positions",https://www.koin.com/local/multnomah-county/multco-board-passes-4b-budget-after-cuts-to-158-full-time-positions-multiple-programs/,
2026-06-04,R.5,KPTV,Multnomah County Commissioners approve $4B budget with deep cuts for FY2027,https://www.kptv.com/2026/06/05/multnomah-county-commissioners-approve-4b-budget-with-deep-cuts-fy2027/,https://gray-kptv-prod.gtv-cdn.com/resizer/v2/C4ULEIRAEZDEJARWCGBPKSMFVU.png?auth=f8754c03a4c055d3e4eed5169d49e27b67c9680b7acad9d4530769ef45de2c28&width=1200&height=600&smart=true
2026-06-25,R.2,Willamette Week,County Commissioners Pass Ban on Needle Distribution Near K–12 Schools,https://www.wweek.com/news/county/2026/06/25/county-commissioners-pass-ban-on-needle-distribution-near-k12-schools/,https://www.wweek.com/resizer/v2/I2DBL7NH4AEU2W4EOSOIDS7QU4.jpg?smart=true&auth=b02388942e87c18b0905175a6b1f432efbf3498db819e8bc6e43ba91305bc36a&width=1200&height=630
2026-06-25,R.2,KPTV,"Multnomah County bans needle exchanges within 1,000 feet of schools",https://www.kptv.com/2026/06/26/multnomah-county-bans-needle-exchanges-within-1000-feet-schools/,https://gray-kptv-prod.gtv-cdn.com/resizer/v2/6F4A6LOBRFADHIA5SOEUBSQG7Y.png?auth=0eb3ea0e4d28de5bcf606f8f0c92834313bb5a66d88b5d49be86dfc8e13610ab&width=1200&height=600&smart=true
2026-08-06,R.1,KPTV,Multnomah County adopts resolution to set aside up to $101.6 million for Moda Center renovations,https://www.kptv.com/2026/08/07/multnomah-county-adopts-resolution-set-aside-up-1016-million-moda-center-renovations/,https://gray-kptv-prod.gtv-cdn.com/resizer/v2/JS4VB7WJJJGDFEAT7XNA2U725Q.png?auth=7c9fec2041863c65a7d5fee6ec8ff15220c7536a83c514f283baefd5bf72dd08&width=1200&height=600&smart=true
2026-08-06,R.1,KGW,Multnomah County commissioners vote to advance up to $101.6M for Moda Center renovation,https://www.kgw.com/article/news/community/moda-center/watch-multnomah-county-commissioners-debate-moda-center-renovation-funding/283-87c250e3-bd24-4e7d-9f22-b7c2bbb1c075,
2026-08-06,R.1,KOIN 6,Multnomah County Board vote reaffirms commitment to Moda Center funding,https://www.koin.com/local/multnomah-county/multnomah-county-board-vote-re-affirms-committment-to-moda-center-funding/,
2026-08-27,R.2,KOIN 6,Multnomah County delays Preschool for All tax increase as program nears universal coverage,https://www.koin.com/local/multnomah-county/multnomah-county-delays-preschool-for-all-tax-increase-as-program-nears-universal-coverage/,
2026-08-27,R.4,KATU,Multnomah County adopts first climate justice plan,https://katu.com/news/local/multnomah-county-board-of-commissioners-adopt-2026-climate-justice-plan-portland-oregon,https://katu.com/resources/media/66d7d96d-b629-473d-a329-759b5fca23ab-jumbo16x9_AP24087184819829.jpg
2026-08-27,R.4,KOIN 6,'Greatest challenge of the century': Multnomah County adopts first climate justice plan,https://www.koin.com/local/multnomah-county/greatest-challenge-of-the-century-multnomah-county-adopts-first-climate-justice-plan/,
