date,item,doc_number,title,synopsis,type,action,theme,area,minutes,url,Vega Pederson,Moyer,Singleton,Brim-Edwards,Jones-Dixon,Meieran,Kafoury,Smith,Jayapal,Beason,Rosenbaum,Stegmann
2025-01-09,R.2,,Ordinance Amending Multnomah County’s Zoning Code to Incorporate Amendments to the City of Portland’s Zoning Code (Title 33) Allowing Adjustments as Part of the Housing Adjustment Compliance Project and Making Odor Code Updates; Amendments to the Portland Sign Code (Title 32) Increasing Flexibility in the Rose Quarter Sign Code; and Amendments to the Portland Tree Code (Title 11) Permanently Adopting the Large Tree Regulations; and Declaring an Emergency.,"Adds City of Portland code changes to the County's zoning code: housing adjustments under the Housing Adjustment Compliance Project, odor code updates, more flexible Rose Quarter sign rules, and permanent large-tree regulations. Adopted as an emergency ordinance.",Emergency ordinance,Adopted,Land Use & Planning; Housing; Environment & Energy,Countywide,https://multnomah.granicus.com/MinutesViewer.php?view_id=3&clip_id=3087&doc_id=ab68f304-e7ea-11ef-a9e2-005056a89546,https://multnomah.granicus.com/AgendaViewer.php?view_id=3&clip_id=3087,Yea,Yea,Yea,Yea,Yea,Not in office,Not in office,Not in office,Not in office,Not in office,Not in office,Not in office
2025-01-15,S.1,,Appointment to fill the vacancy in Oregon House District 34 (joint meeting with the Washington County Board of Commissioners).,"Meeting jointly with Washington County's commissioners, the Board voted to appoint Mari Watanabe to fill the vacancy in Oregon House District 34, over Sarah Beachy and Alexandria Goddard. Under the Secretary of State's weighting, each Multnomah commissioner had 0.2 votes and each Washington County commissioner 8.6; all ten voted yes.",Appointment,Appointed,Elections,Countywide,https://multnomah.granicus.com/MinutesViewer.php?view_id=3&clip_id=3091&doc_id=311e6e7e-d44c-11ef-a9e2-005056a89546,https://multnomah.granicus.com/AgendaViewer.php?view_id=3&clip_id=3091,Yea,Yea,Yea,Yea,Yea,Not in office,Not in office,Not in office,Not in office,Not in office,Not in office,Not in office
2025-01-16,R.2,,Second Reading of Ordinance Amending MCC Chapter 22 to Change Name of the Joint Office of Homeless Services and Overview of the Homeless Services Department.,Second reading and adoption of an ordinance amending County Code Chapter 22 to rename the Joint Office of Homeless Services as the Homeless Services Department.,Ordinance,Adopted,Homelessness; Government Operations,Countywide,https://multnomah.granicus.com/MinutesViewer.php?view_id=3&clip_id=3093&doc_id=de557a97-e7ff-11ef-a9e2-005056a89546,https://multnomah.granicus.com/AgendaViewer.php?view_id=3&clip_id=3093,Yea,Yea,Yea,Yea,Yea,Not in office,Not in office,Not in office,Not in office,Not in office,Not in office,Not in office
2025-02-13,R.2,,"Second Reading of Ordinance Amending MCC Chapter 3, BUDGET ADVISORY COMMITTEES.","Second reading and adoption of an ordinance amending County Code Chapter 3, which governs the County's budget advisory committees.",Ordinance,Adopted,Government Transparency; Government Operations,Countywide,https://multnomah.granicus.com/MinutesViewer.php?view_id=3&clip_id=3109&doc_id=f898b41d-ea3b-11ef-a9e2-005056a89546,https://multnomah.granicus.com/AgendaViewer.php?view_id=3&clip_id=3109,Yea,Yea,Yea,Yea,Yea,Not in office,Not in office,Not in office,Not in office,Not in office,Not in office,Not in office
2025-03-13,R.1,,Confirmation of Chair Vega Pederson’s Appointment of Christopher Neal as Director of Department of County Management.,Confirms Chair Vega Pederson's appointment of Christopher Neal as director of the Department of County Management.,Resolution,Adopted,Government Operations,Countywide,https://multnomah.granicus.com/MinutesViewer.php?view_id=3&clip_id=3125&doc_id=98dfb5c2-0043-11f0-ab6a-005056a89546,https://multnomah.granicus.com/AgendaViewer.php?view_id=3&clip_id=3125,Yea,Yea,Yea,Yea,Yea,Not in office,Not in office,Not in office,Not in office,Not in office,Not in office,Not in office
2025-03-13,R.2,,Multnomah County Sheriff’s Office Capacity Management Plan.,"Adopts the Sheriff's Office capacity management plan, presented by Sheriff Nicole Morrisey O'Donnell.",Resolution,Adopted,Public Safety,Countywide,https://multnomah.granicus.com/MinutesViewer.php?view_id=3&clip_id=3125&doc_id=98dfb5c2-0043-11f0-ab6a-005056a89546,https://multnomah.granicus.com/AgendaViewer.php?view_id=3&clip_id=3125,Yea,Yea,Yea,Yea,Yea,Not in office,Not in office,Not in office,Not in office,Not in office,Not in office,Not in office
2025-03-13,R.4,,Resolution authorizing pass-through Supportive Housing Services funding from Multnomah County to the City of Portland.,Authorizes passing Supportive Housing Services funding from the County through to the City of Portland. An amendment removing the word 'March' from the resolution passed 5–0 first.,Resolution,Adopted as amended,Homelessness,Countywide,https://multnomah.granicus.com/MinutesViewer.php?view_id=3&clip_id=3125&doc_id=98dfb5c2-0043-11f0-ab6a-005056a89546,https://multnomah.granicus.com/AgendaViewer.php?view_id=3&clip_id=3125,Yea,Yea,Yea,Yea,Yea,Not in office,Not in office,Not in office,Not in office,Not in office,Not in office,Not in office
2025-03-20,R.1,,Resolution Approving the Multnomah County Aging Disability and Veterans Services Division 2025-2029 Area Plan.,"Approves the Aging, Disability and Veterans Services Division's 2025–2029 Area Plan.",Resolution,Adopted,Health & Social Services,Countywide,https://multnomah.granicus.com/MinutesViewer.php?view_id=3&clip_id=3134&doc_id=90a350c8-05c4-11f0-ab6a-005056a89546,https://multnomah.granicus.com/AgendaViewer.php?view_id=3&clip_id=3134,Yea,Yea,Yea,Yea,Yea,Not in office,Not in office,Not in office,Not in office,Not in office,Not in office,Not in office
2025-03-20,R.2,,Resolution Approving the Preliminary Planning Proposal for the New Animal Services Facility Project per the FAC-1 Administrative Procedure.,Approves the preliminary planning proposal for a new Animal Services facility under the County's FAC-1 procedure for capital projects.,Resolution,Adopted,Animal Services,Countywide,https://multnomah.granicus.com/MinutesViewer.php?view_id=3&clip_id=3134&doc_id=90a350c8-05c4-11f0-ab6a-005056a89546,https://multnomah.granicus.com/AgendaViewer.php?view_id=3&clip_id=3134,Yea,Yea,Yea,Yea,Yea,Not in office,Not in office,Not in office,Not in office,Not in office,Not in office,Not in office
2025-04-10,R.1,,2025 Federal Legislative Agenda and Updates.,Approves the County's 2025 federal legislative agenda.,Other,Approved,Government Operations,Countywide,https://multnomah.granicus.com/MinutesViewer.php?view_id=3&clip_id=3145&doc_id=fa25e689-1641-11f0-955d-005056a89546,https://multnomah.granicus.com/AgendaViewer.php?view_id=3&clip_id=3145,Yea,Yea,Yea,Yea,Yea,Not in office,Not in office,Not in office,Not in office,Not in office,Not in office,Not in office
2025-04-10,R.5,,"BUDGET MODIFICATION # JOHS-007-25: 30006A Rebalances OTO Metro SHS Carryover by $23,476,045 for Stabilization Reserve and Contingency.",Rebalances one-time Metro Supportive Housing Services carryover by $23.5 million for a stabilization reserve and contingency.,Budget modification,Approved,Homelessness; Budget & Taxes,Countywide,https://multnomah.granicus.com/MinutesViewer.php?view_id=3&clip_id=3145&doc_id=fa25e689-1641-11f0-955d-005056a89546,https://multnomah.granicus.com/AgendaViewer.php?view_id=3&clip_id=3145,Yea,Yea,Yea,Yea,Yea,Not in office,Not in office,Not in office,Not in office,Not in office,Not in office,Not in office
2025-04-17,R.5,,"Resolution for 82nd Avenue Transit Project, Locally Preferred Alternative.",Resolution on the locally preferred alternative for the 82nd Avenue Transit Project.,Resolution,Adopted,Transportation,Countywide,https://multnomah.granicus.com/MinutesViewer.php?view_id=3&clip_id=3152&doc_id=953df848-1bc4-11f0-955d-005056a89546,https://multnomah.granicus.com/AgendaViewer.php?view_id=3&clip_id=3152,Yea,Yea,Yea,Yea,Yea,Not in office,Not in office,Not in office,Not in office,Not in office,Not in office,Not in office
2025-04-17,R.7,,Resolution Approving the Sobering and Crisis Stabilization Center FAC-1 Project Design Plan.,Approves the design plan for the Sobering and Crisis Stabilization Center under the County's FAC-1 procedure for capital projects.,Resolution,Adopted,Health & Social Services,Countywide,https://multnomah.granicus.com/MinutesViewer.php?view_id=3&clip_id=3152&doc_id=953df848-1bc4-11f0-955d-005056a89546,https://multnomah.granicus.com/AgendaViewer.php?view_id=3&clip_id=3152,Yea,Yea,Yea,Yea,Yea,Not in office,Not in office,Not in office,Not in office,Not in office,Not in office,Not in office
2025-05-01,R.1,,"Ordinance Amending Multnomah County’s Comprehensive Plan, Zoning Map and Zoning Code to Incorporate Amendments to the City of Portland’s Comprehensive Plan, Comprehensive Plan Map, Zoning Map and Zoning Code (Title 33) to Adopt the Montgomery Park Area Plan including amendments to the City’s Comprehensive Plan, Comprehensive Plan Map, Zoning Map, Zoning Code, Citywide Design Guidelines, and related amendments to the Guild’s Lake Industrial Sanctuary and Northwest District plans; and Declaring an Emergency.","Adds the City of Portland's Montgomery Park Area Plan, and related changes to the Guild's Lake Industrial Sanctuary and Northwest District plans, to the County's comprehensive plan, zoning map and zoning code. Adopted as an emergency ordinance.",Emergency ordinance,Adopted,Land Use & Planning,Countywide,https://multnomah.granicus.com/MinutesViewer.php?view_id=3&clip_id=3162&doc_id=ece70355-26c7-11f0-9f54-005056a89546,https://multnomah.granicus.com/AgendaViewer.php?view_id=3&clip_id=3162,Yea,Yea,Yea,Yea,Yea,Not in office,Not in office,Not in office,Not in office,Not in office,Not in office,Not in office
2025-05-01,R.7,,Second Reading of Ordinance Establishing Lobbying Reporting Requirements and Improving Transparency in Multnomah County.,"Second reading and adoption of an ordinance setting lobbying reporting requirements to improve transparency in Multnomah County. It was amended at first reading to take effect July 1, 2026.",Ordinance,Adopted,Government Transparency,Countywide,https://multnomah.granicus.com/MinutesViewer.php?view_id=3&clip_id=3162&doc_id=ece70355-26c7-11f0-9f54-005056a89546,https://multnomah.granicus.com/AgendaViewer.php?view_id=3&clip_id=3162,Yea,Yea,Yea,Yea,Yea,Not in office,Not in office,Not in office,Not in office,Not in office,Not in office,Not in office
2025-05-01,R.9,,Ratification of Collective Bargaining Agreement 2024-2027 between Multnomah County and the Federation of Parole and Probation Officers (FOPPO) following interest arbitration.,"Ratifies the 2024–2027 collective bargaining agreement between the County and the Federation of Parole and Probation Officers, following interest arbitration.",Other,Approved,Labor & Workforce; Public Safety,Countywide,https://multnomah.granicus.com/MinutesViewer.php?view_id=3&clip_id=3162&doc_id=ece70355-26c7-11f0-9f54-005056a89546,https://multnomah.granicus.com/AgendaViewer.php?view_id=3&clip_id=3162,Yea,Yea,Yea,Yea,Yea,Not in office,Not in office,Not in office,Not in office,Not in office,Not in office,Not in office
2025-05-08,R.1,,RESOLUTION Approving the Chair’s proposed FY 2026 Budget for Submittal to the Tax Supervising and Conservation Commission.,"Approves Chair Vega Pederson's proposed fiscal year 2026 budget for submittal to the Tax Supervising and Conservation Commission, with the Board sitting as the Budget Committee. Vice Chair Brim-Edwards voted no.",Resolution,Adopted,FY Budget,Countywide,https://multnomah.granicus.com/MinutesViewer.php?view_id=3&clip_id=3178&doc_id=8ff1fdd6-2c53-11f0-856f-005056a89546,https://multnomah.granicus.com/AgendaViewer.php?view_id=3&clip_id=3178,Yea,Yea,Yea,Nay,Yea,Not in office,Not in office,Not in office,Not in office,Not in office,Not in office,Not in office
2025-05-08,R.2,,RESOLUTION Approving the Multnomah County Library District’s Proposed Fiscal Year 2026 Budget for Submittal to the Tax Supervising and Conservation Commission.,Approves the Multnomah County Library District's proposed fiscal year 2026 budget for submittal to the Tax Supervising and Conservation Commission.,Resolution,Adopted,FY Budget; Libraries,Countywide,https://multnomah.granicus.com/MinutesViewer.php?view_id=3&clip_id=3178&doc_id=8ff1fdd6-2c53-11f0-856f-005056a89546,https://multnomah.granicus.com/AgendaViewer.php?view_id=3&clip_id=3178,Yea,Yea,Yea,Yea,Yea,Not in office,Not in office,Not in office,Not in office,Not in office,Not in office,Not in office
2025-05-15,R.4,,BUDGET MODIFICATION # DCA-011-25: Hansen Contingency Request.,"Approves a Department of County Assets contingency request titled 'Hansen Contingency Request', presented by facilities and property management staff. Approved 3–1 with Commissioner Moyer voting no.",Budget modification,Approved,Government Operations; Budget & Taxes,Countywide,https://multnomah.granicus.com/MinutesViewer.php?view_id=3&clip_id=3188&doc_id=cec4935a-31d6-11f0-856f-005056a89546,https://multnomah.granicus.com/AgendaViewer.php?view_id=3&clip_id=3188,Yea,Nay,Yea,Yea,Absent,Not in office,Not in office,Not in office,Not in office,Not in office,Not in office,Not in office
2025-05-15,R.5,,Mt. Hood Cable Regulatory Commission (MHCRC) Comcast Renewal.,Approves the Mt. Hood Cable Regulatory Commission's renewal of the Comcast cable franchise.,Other,Approved,Business Regulation,Countywide,https://multnomah.granicus.com/MinutesViewer.php?view_id=3&clip_id=3188&doc_id=cec4935a-31d6-11f0-856f-005056a89546,https://multnomah.granicus.com/AgendaViewer.php?view_id=3&clip_id=3188,Yea,Yea,Yea,Yea,Absent,Not in office,Not in office,Not in office,Not in office,Not in office,Not in office,Not in office
2025-05-29,R.5,,"BUDGET MODIFICATION # JOHS-008-25: 30202 Rebalance OTO Metro SHS Carryover for City by $11,200,000.",Rebalances one-time Metro Supportive Housing Services carryover by $11.2 million for the City of Portland.,Budget modification,Approved,Homelessness; Budget & Taxes,Countywide,https://multnomah.granicus.com/MinutesViewer.php?view_id=3&clip_id=3216&doc_id=6a15d5fe-4237-11f0-b7f5-005056a89546,https://multnomah.granicus.com/AgendaViewer.php?view_id=3&clip_id=3216,Yea,Yea,Yea,Yea,Yea,Not in office,Not in office,Not in office,Not in office,Not in office,Not in office,Not in office
2025-06-12,R.1,,"RESOLUTION Adopting the Fiscal Year 2026 Budget for the Multnomah County Library District and Making Appropriations Thereunder, Pursuant to ORS 294.456.","Adopts the Multnomah County Library District's fiscal year 2026 budget and makes its appropriations, with the commissioners sitting as the district's governing body.",Resolution,Adopted,FY Budget; Libraries,Countywide,https://multnomah.granicus.com/MinutesViewer.php?view_id=3&clip_id=3244&doc_id=9f5917e6-5139-11f0-b7f5-005056a89546,https://multnomah.granicus.com/AgendaViewer.php?view_id=3&clip_id=3244,Yea,Absent,Yea,Yea,Yea,Not in office,Not in office,Not in office,Not in office,Not in office,Not in office,Not in office
2025-06-12,R.10,,Authorizing Salary Adjustments for Employees Not Covered by Collective Bargaining Agreements for Fiscal Year 2025-2026.,Authorizes fiscal year 2025–2026 salary adjustments for County employees not covered by collective bargaining agreements.,Resolution,Adopted,Labor & Workforce; FY Budget,Countywide,https://multnomah.granicus.com/MinutesViewer.php?view_id=3&clip_id=3244&doc_id=9f5917e6-5139-11f0-b7f5-005056a89546,https://multnomah.granicus.com/AgendaViewer.php?view_id=3&clip_id=3244,Yea,Nay,Yea,Yea,Yea,Not in office,Not in office,Not in office,Not in office,Not in office,Not in office,Not in office
2025-06-12,R.11,,"Approving the Fee Schedule for Multnomah County, Oregon, for Fiscal Year 2026.","Approves the County's fee schedule for fiscal year 2026. The minutes say 'Ayes (3)' but list all five commissioners, then list Commissioner Moyer and Vice Chair Brim-Edwards as the two Nays; recorded here as 3–2, matching the counts.",Resolution,Adopted,FY Budget; Budget & Taxes,Countywide,https://multnomah.granicus.com/MinutesViewer.php?view_id=3&clip_id=3244&doc_id=9f5917e6-5139-11f0-b7f5-005056a89546,https://multnomah.granicus.com/AgendaViewer.php?view_id=3&clip_id=3244,Yea,Nay,Yea,Nay,Yea,Not in office,Not in office,Not in office,Not in office,Not in office,Not in office,Not in office
2025-06-12,R.2,,"RESOLUTION Levying Ad Valorem Property Taxes for the Multnomah County Library District, Oregon, for Fiscal Year 2026.",Levies the Multnomah County Library District's property taxes for fiscal year 2026.,Resolution,Adopted,FY Budget; Libraries; Budget & Taxes,Countywide,https://multnomah.granicus.com/MinutesViewer.php?view_id=3&clip_id=3244&doc_id=9f5917e6-5139-11f0-b7f5-005056a89546,https://multnomah.granicus.com/AgendaViewer.php?view_id=3&clip_id=3244,Yea,Absent,Yea,Yea,Yea,Not in office,Not in office,Not in office,Not in office,Not in office,Not in office,Not in office
2025-06-12,R.5,,"Public Hearing and Consideration of a RESOLUTION Adopting the Fiscal Year 2026 Budget for Multnomah County and Making Appropriations Thereunder, Pursuant to ORS 294.456.","Adopts Multnomah County's fiscal year 2026 budget and makes its appropriations, after a public hearing and roll calls on dozens of Board amendments.",Resolution,Adopted as amended,FY Budget,Countywide,https://multnomah.granicus.com/MinutesViewer.php?view_id=3&clip_id=3244&doc_id=9f5917e6-5139-11f0-b7f5-005056a89546,https://multnomah.granicus.com/AgendaViewer.php?view_id=3&clip_id=3244,Yea,Yea,Yea,Yea,Yea,Not in office,Not in office,Not in office,Not in office,Not in office,Not in office,Not in office
2025-06-12,R.6,,"Resolution Levying Ad Valorem Property Taxes for Multnomah County, Oregon, for Fiscal Year 2026.",Levies Multnomah County's property taxes for fiscal year 2026.,Resolution,Adopted,FY Budget; Budget & Taxes,Countywide,https://multnomah.granicus.com/MinutesViewer.php?view_id=3&clip_id=3244&doc_id=9f5917e6-5139-11f0-b7f5-005056a89546,https://multnomah.granicus.com/AgendaViewer.php?view_id=3&clip_id=3244,Yea,Yea,Yea,Yea,Yea,Not in office,Not in office,Not in office,Not in office,Not in office,Not in office,Not in office
2025-06-26,R.1,,Resolution recognizing the historic significance of Walnut Park and supporting efforts of the Walnut Park Development Project in pursuing a community-based restoration approach.,Recognizes the historic significance of Walnut Park and supports the Walnut Park Development Project's community-based restoration approach.,Resolution,Adopted,Economic Development; Civil Rights & Equity,Countywide,https://multnomah.granicus.com/MinutesViewer.php?view_id=3&clip_id=3249&doc_id=fe551cfd-5369-11f0-b7f5-005056a89546,https://multnomah.granicus.com/AgendaViewer.php?view_id=3&clip_id=3249,Yea,Yea,Yea,Yea,Yea,Not in office,Not in office,Not in office,Not in office,Not in office,Not in office,Not in office
2025-06-26,R.2,,Resolution Acknowledging Historical Injustices and Stating an Ongoing Commitment to Healing the Injustices to the Chinese American Community.,Acknowledges historical injustices against the Chinese American community and states an ongoing commitment to healing them.,Resolution,Adopted,Civil Rights & Equity,Countywide,https://multnomah.granicus.com/MinutesViewer.php?view_id=3&clip_id=3249&doc_id=fe551cfd-5369-11f0-b7f5-005056a89546,https://multnomah.granicus.com/AgendaViewer.php?view_id=3&clip_id=3249,Yea,Yea,Yea,Yea,Yea,Not in office,Not in office,Not in office,Not in office,Not in office,Not in office,Not in office
2025-06-26,R.3,,Intergovernmental Agreement (IGA) between the Multnomah County Sheriff’s Office (MCSO) and the City of Troutdale for public safety services.,Approves an intergovernmental agreement for the Sheriff's Office to provide public safety services to the City of Troutdale.,Intergovernmental agreement,Approved,Public Safety,Troutdale,https://multnomah.granicus.com/MinutesViewer.php?view_id=3&clip_id=3249&doc_id=fe551cfd-5369-11f0-b7f5-005056a89546,https://multnomah.granicus.com/AgendaViewer.php?view_id=3&clip_id=3249,Yea,Yea,Yea,Yea,Yea,Not in office,Not in office,Not in office,Not in office,Not in office,Not in office,Not in office
2025-06-26,R.6,,"BUDGET MODIFICATION # HSD-011-25: 30202 Increases OTO Metro SHS by $15,000,000 for City of Portland Shelter Services.",Adds $15 million in one-time Metro Supportive Housing Services money for City of Portland shelter services.,Budget modification,Approved,Homelessness; Budget & Taxes,Countywide,https://multnomah.granicus.com/MinutesViewer.php?view_id=3&clip_id=3249&doc_id=fe551cfd-5369-11f0-b7f5-005056a89546,https://multnomah.granicus.com/AgendaViewer.php?view_id=3&clip_id=3249,Yea,Yea,Yea,Yea,Yea,Not in office,Not in office,Not in office,Not in office,Not in office,Not in office,Not in office
2025-06-26,R.8,,Authorizing Settlement of a Tort Claim Notice - Estate of Clemente Pineda.,"Authorizes settling a tort claim from the Estate of Clemente Pineda over an in-custody death in 2023. In the minutes, the County Attorney's office asked the Board to approve a $1 million payment from the County's risk fund, with the rest of the settlement paid by insurance.",Settlement,Approved,Public Safety; Government Operations,Countywide,https://multnomah.granicus.com/MinutesViewer.php?view_id=3&clip_id=3249&doc_id=fe551cfd-5369-11f0-b7f5-005056a89546,https://multnomah.granicus.com/AgendaViewer.php?view_id=3&clip_id=3249,Yea,Yea,Yea,Yea,Yea,Not in office,Not in office,Not in office,Not in office,Not in office,Not in office,Not in office
2025-07-17,R.3,,"PUBLIC HEARING and Resolution Establishing Fees for Building Permits, Electrical Permits, Plumbing Permits, Mechanical Permits, and Other Related Permits pursuant to Chapter 29 of the Multnomah County Code and Repealing Resolution No. 2024-071.","Sets fees for building, electrical, plumbing, mechanical and related permits under County Code Chapter 29, after a public hearing.",Resolution,Adopted,Land Use & Planning; Budget & Taxes,Countywide,https://multnomah.granicus.com/MinutesViewer.php?view_id=3&clip_id=3255&doc_id=7dd7f817-635f-11f0-b7f5-005056a89546,https://multnomah.granicus.com/AgendaViewer.php?view_id=3&clip_id=3255,Yea,Yea,Absent,Yea,Yea,Not in office,Not in office,Not in office,Not in office,Not in office,Not in office,Not in office
2025-07-24,R.1,,Second Reading of Ordinance Amending Multnomah County Code Chapter 5 to Implement Ranked Choice Voting in County Candidate Elections.,Second reading and adoption of an ordinance amending County Code Chapter 5 to use ranked choice voting in County candidate elections.,Ordinance,Adopted,Elections,Countywide,https://multnomah.granicus.com/MinutesViewer.php?view_id=3&clip_id=3257&doc_id=2e2426e8-68e3-11f0-b7f5-005056a89546,https://multnomah.granicus.com/AgendaViewer.php?view_id=3&clip_id=3257,Yea,Yea,Yea,Yea,Yea,Not in office,Not in office,Not in office,Not in office,Not in office,Not in office,Not in office
2025-07-24,R.2,,Resolution Approving Exemption under ORS 279C.335(2) from Design-Bid-Build Procurement Method and Approving an Alternative Procurement Method for the Walnut Park Redevelopment Project.,Exempts the Walnut Park redevelopment project from the usual design-bid-build contracting method under ORS 279C.335(2) and approves an alternative procurement method.,Resolution,Adopted,Economic Development; Government Operations,Countywide,https://multnomah.granicus.com/MinutesViewer.php?view_id=3&clip_id=3257&doc_id=2e2426e8-68e3-11f0-b7f5-005056a89546,https://multnomah.granicus.com/AgendaViewer.php?view_id=3&clip_id=3257,Yea,Yea,Yea,Yea,Yea,Not in office,Not in office,Not in office,Not in office,Not in office,Not in office,Not in office
2025-07-31,R.2,,Notice of Intent to Apply for $447 million from the FY26 USDOT Bridge Investment Program Grant (BIP) Program for the Construction Phase of the Earthquake Ready Burnside Bridge Project.,Approves applying for $447 million from the federal Bridge Investment Program for the construction phase of the Earthquake Ready Burnside Bridge project.,Other,Approved,Transportation,Countywide,https://multnomah.granicus.com/MinutesViewer.php?view_id=3&clip_id=3262&doc_id=8da305ab-6efc-11f0-a766-005056a89546,https://multnomah.granicus.com/AgendaViewer.php?view_id=3&clip_id=3262,Yea,Yea,Yea,Yea,Yea,Not in office,Not in office,Not in office,Not in office,Not in office,Not in office,Not in office
2025-08-21,R.3,,Public Hearing and First Reading of an Ordinance Amending MCC Chapter 11.500 Ð Preschool for All Program Income Tax to Index the tax for Inflation and to Reflect Certain Administrative Changes.,Postpones indefinitely the first reading of an ordinance that would have indexed the Preschool for All income tax to inflation and made administrative changes. The motion to postpone passed 3–2.,Ordinance,Postponed indefinitely,Early Childhood & Education; Budget & Taxes,Countywide,https://multnomah.granicus.com/MinutesViewer.php?view_id=3&clip_id=3275&doc_id=fd582b13-837f-11f0-a766-005056a89546,https://multnomah.granicus.com/AgendaViewer.php?view_id=3&clip_id=3275,Yea,Nay,Yea,Yea,Nay,Not in office,Not in office,Not in office,Not in office,Not in office,Not in office,Not in office
2025-08-21,R.4,,Resolution Ensuring Compliance with the Multnomah County Code of Ethics and Upholding Public Trust and Confidence in the Preschool for All Program.,Postpones indefinitely a resolution on complying with the County Code of Ethics and upholding public trust in the Preschool for All program.,Resolution,Postponed indefinitely,Early Childhood & Education; Government Transparency,Countywide,https://multnomah.granicus.com/MinutesViewer.php?view_id=3&clip_id=3275&doc_id=fd582b13-837f-11f0-a766-005056a89546,https://multnomah.granicus.com/AgendaViewer.php?view_id=3&clip_id=3275,Yea,Yea,Yea,Yea,Yea,Not in office,Not in office,Not in office,Not in office,Not in office,Not in office,Not in office
2025-09-04,R.2,,Public Hearing and Reading of an Ordinance Amending MCC Chapter 15 - Firearms and Declaring an Emergency.,"Emergency ordinance amending County Code Chapter 15, the County's firearms rules, after a public hearing. (The minutes' result line says 'The Budget Modification was approved', an apparent typo.)",Emergency ordinance,Adopted,Public Safety,Countywide,https://multnomah.granicus.com/MinutesViewer.php?view_id=3&clip_id=3287&doc_id=c37a8546-8f3b-11f0-8df7-005056a89546,https://multnomah.granicus.com/AgendaViewer.php?view_id=3&clip_id=3287,Yea,Yea,Yea,Yea,Yea,Not in office,Not in office,Not in office,Not in office,Not in office,Not in office,Not in office
2025-09-25,R.1,,Public Hearing and Second Reading of Ordinance Amending MCC Chapter 11.500 - Preschool for All Program Income Tax to reflect certain code changes for the payment of estimated tax.,"Second reading of an ordinance amending County Code Chapter 11.500, the Preschool for All income tax, to change rules for paying estimated tax. The minutes record the 5–0 vote but not the result sentence.",Ordinance,Adopted,Early Childhood & Education; Budget & Taxes,Countywide,https://multnomah.granicus.com/MinutesViewer.php?view_id=3&clip_id=3299&doc_id=ee0a2667-9f07-11f0-8df7-005056a89546,https://multnomah.granicus.com/AgendaViewer.php?view_id=3&clip_id=3299,Yea,Yea,Yea,Yea,Yea,Not in office,Not in office,Not in office,Not in office,Not in office,Not in office,Not in office
2025-09-25,R.2,,"Resolution Approving a Room-Block Agreement (RBA) at the Motel Located at 24124 SE Stark St, Gresham, OR.",Approves an agreement reserving a block of rooms at a motel at 24124 SE Stark St. in Gresham.,Resolution,Approved,Homelessness,Gresham,https://multnomah.granicus.com/MinutesViewer.php?view_id=3&clip_id=3299&doc_id=ee0a2667-9f07-11f0-8df7-005056a89546,https://multnomah.granicus.com/AgendaViewer.php?view_id=3&clip_id=3299,Yea,Yea,Yea,Yea,Yea,Not in office,Not in office,Not in office,Not in office,Not in office,Not in office,Not in office
2025-10-02,R.1,,Resolution Approving the Project Plan for Construction for the Rockwood Community Health Center Upgrade Project per the FAC-1 Administrative Procedure.,Approves the construction project plan for upgrading the Rockwood Community Health Center under the County's FAC-1 procedure for capital projects.,Resolution,Adopted,Health & Social Services,Countywide,https://multnomah.granicus.com/MinutesViewer.php?view_id=3&clip_id=3305&doc_id=52849d2c-b421-11f0-8df7-005056a89546,https://multnomah.granicus.com/AgendaViewer.php?view_id=3&clip_id=3305,Yea,Yea,Yea,Yea,Yea,Not in office,Not in office,Not in office,Not in office,Not in office,Not in office,Not in office
2025-10-09,R.2,,Resolution Consenting to Chair Vega Pederson’s Appointment of Stacy Cowan as the Director of Government Relations for Multnomah County.,Consents to Chair Vega Pederson's appointment of Stacy Cowan as the County's director of government relations.,Resolution,Adopted,Government Operations,Countywide,https://multnomah.granicus.com/MinutesViewer.php?view_id=3&clip_id=3309&doc_id=3cc545b6-b550-11f0-8df7-005056a89546,https://multnomah.granicus.com/AgendaViewer.php?view_id=3&clip_id=3309,Yea,Yea,Yea,Yea,Yea,Not in office,Not in office,Not in office,Not in office,Not in office,Not in office,Not in office
2025-10-23,R.1,,BUDGET MODIFICATION # MCSO-004-26: State Rebalance - Senate Bill 1145 Community Corrections Reduction.,"Rebalances the Sheriff's Office budget for a state reduction in community corrections funding under Senate Bill 1145, with an amended budget note from Commissioner Moyer.",Budget modification,Approved as amended,Public Safety; Budget & Taxes,Countywide,https://multnomah.granicus.com/MinutesViewer.php?view_id=3&clip_id=3315&doc_id=6c43bb2e-b550-11f0-8df7-005056a89546,https://multnomah.granicus.com/AgendaViewer.php?view_id=3&clip_id=3315,Yea,Yea,Yea,Yea,Yea,Not in office,Not in office,Not in office,Not in office,Not in office,Not in office,Not in office
2025-10-30,R.1,,Resolution Authorizing Reduction or Waiver of Land Use Planning Fees.,Authorizes reducing or waiving County land use planning fees.,Resolution,Adopted,Land Use & Planning; Budget & Taxes,Countywide,https://multnomah.granicus.com/MinutesViewer.php?view_id=3&clip_id=3319&doc_id=ef62941e-ced5-11f0-bb28-005056a89546,https://multnomah.granicus.com/AgendaViewer.php?view_id=3&clip_id=3319,Yea,Yea,Yea,Yea,Yea,Not in office,Not in office,Not in office,Not in office,Not in office,Not in office,Not in office
2025-10-30,R.3,,"Second Reading of Ordinance Amending MCC Chapter 3, Budget Advisory Committees.","Second reading and adoption of an ordinance amending County Code Chapter 3, which governs the County's budget advisory committees.",Ordinance,Adopted,Government Transparency; Government Operations,Countywide,https://multnomah.granicus.com/MinutesViewer.php?view_id=3&clip_id=3319&doc_id=ef62941e-ced5-11f0-bb28-005056a89546,https://multnomah.granicus.com/AgendaViewer.php?view_id=3&clip_id=3319,Yea,Yea,Yea,Yea,Yea,Not in office,Not in office,Not in office,Not in office,Not in office,Not in office,Not in office
2025-10-30,R.4,,BUDGET MODIFICATION # HSD-001-26: FY 2026 Rebalance.,"Rebalances the Homeless Services Department's fiscal year 2026 budget, with a budget note added 5–0 from Commissioner Singleton. Approved 3–2, with Commissioner Moyer and Vice Chair Brim-Edwards voting no.",Budget modification,Approved as amended,Homelessness; Budget & Taxes,Countywide,https://multnomah.granicus.com/MinutesViewer.php?view_id=3&clip_id=3319&doc_id=ef62941e-ced5-11f0-bb28-005056a89546,https://multnomah.granicus.com/AgendaViewer.php?view_id=3&clip_id=3319,Yea,Nay,Yea,Nay,Yea,Not in office,Not in office,Not in office,Not in office,Not in office,Not in office,Not in office
2025-10-31,PN.1,,"Resolution directing County action on federal impacts, including impending impacts on federal Supplemental Nutrition Assistance Program (SNAP) recipients (special meeting).","At a special meeting called to discuss federal impacts, including impending impacts on recipients of federal SNAP food benefits, the Board adopted a resolution directing County action. The minutes say Chair Vega Pederson was excused but also list her among the five Ayes; she's recorded here as the roll call lists her.",Resolution,Adopted,Health & Social Services; Government Operations,Countywide,https://multnomah.granicus.com/MinutesViewer.php?view_id=3&clip_id=3322&doc_id=2ba72259-ced6-11f0-bb28-005056a89546,https://multnomah.granicus.com/AgendaViewer.php?view_id=3&clip_id=3322,Yea,Yea,Yea,Yea,Yea,Not in office,Not in office,Not in office,Not in office,Not in office,Not in office,Not in office
2025-11-06,R.2,,Emergency Appropriation to Support Food Security and Hunger Relief Resources.,Emergency appropriation to support food security and hunger-relief resources. An amendment from Vice Chair Brim-Edwards failed 2–3 before the appropriation passed 5–0.,Budget modification,Approved,Health & Social Services; Budget & Taxes,Countywide,https://multnomah.granicus.com/MinutesViewer.php?view_id=3&clip_id=3330&doc_id=daf58bb8-ced6-11f0-bb28-005056a89546,https://multnomah.granicus.com/AgendaViewer.php?view_id=3&clip_id=3330,Yea,Yea,Yea,Yea,Yea,Not in office,Not in office,Not in office,Not in office,Not in office,Not in office,Not in office
2025-11-20,R.1,,"Resolution Approving the Sale of the Albina Library Annex, located at 236 NE Knott St., Portland to a Residential Purchaser.",Approves selling the Albina Library Annex at 236 NE Knott St. in Portland to a residential purchaser.,Resolution,Adopted,Libraries; Government Operations,Portland,https://multnomah.granicus.com/MinutesViewer.php?view_id=3&clip_id=3335&doc_id=98d02d8f-dc36-11f0-bb28-005056a89546,https://multnomah.granicus.com/AgendaViewer.php?view_id=3&clip_id=3335,Yea,Yea,Yea,Yea,Yea,Not in office,Not in office,Not in office,Not in office,Not in office,Not in office,Not in office
2025-11-20,R.6,,Ratification of Collective Bargaining Agreement 2025-2029 between Multnomah County and the Multnomah County Prosecuting Attorneys Association (MCPAA).,Ratifies the 2025–2029 collective bargaining agreement between the County and the Multnomah County Prosecuting Attorneys Association.,Other,Approved,Labor & Workforce; Public Safety,Countywide,https://multnomah.granicus.com/MinutesViewer.php?view_id=3&clip_id=3335&doc_id=98d02d8f-dc36-11f0-bb28-005056a89546,https://multnomah.granicus.com/AgendaViewer.php?view_id=3&clip_id=3335,Yea,Yea,Yea,Yea,Yea,Not in office,Not in office,Not in office,Not in office,Not in office,Not in office,Not in office
2025-11-20,R.7,,Resolution approving amendment to an intergovernmental agreement with the City of Portland to collect and administer the personal income tax (PIT) for the Preschool for All Program.,Approves an amendment to the County's intergovernmental agreement with the City of Portland to collect and administer the Preschool for All personal income tax.,Intergovernmental agreement,Adopted,Early Childhood & Education; Budget & Taxes,Countywide,https://multnomah.granicus.com/MinutesViewer.php?view_id=3&clip_id=3335&doc_id=98d02d8f-dc36-11f0-bb28-005056a89546,https://multnomah.granicus.com/AgendaViewer.php?view_id=3&clip_id=3335,Yea,Yea,Yea,Yea,Yea,Not in office,Not in office,Not in office,Not in office,Not in office,Not in office,Not in office
2025-12-11,R.1,,"Budmod-HD-012-26: Reducing $2.0 million and 21.30 FTE Termination of Care Oregon Delegation Agreement for Care Coordination as of January 1, 2026.","Cuts $2.0 million and 21.30 positions from the Health Department's care coordination work as its delegation agreement with CareOregon ends on Jan. 1, 2026.",Budget modification,Approved,Health & Social Services; Budget & Taxes,Countywide,https://multnomah.granicus.com/MinutesViewer.php?view_id=3&clip_id=3349&doc_id=a55ee129-dc3c-11f0-bb28-005056a89546,https://multnomah.granicus.com/AgendaViewer.php?view_id=3&clip_id=3349,Yea,Yea,Yea,Yea,Yea,Not in office,Not in office,Not in office,Not in office,Not in office,Not in office,Not in office
2025-12-11,R.2,,Budmod-HD-013-26 - Backfill of $2.4 Million of activities and services previously covered by Care Oregon with reallocations and new revenue.,"Backfills $2.4 million of Health Department activities and services that CareOregon had covered, using reallocations and new revenue.",Budget modification,Approved,Health & Social Services; Budget & Taxes,Countywide,https://multnomah.granicus.com/MinutesViewer.php?view_id=3&clip_id=3349&doc_id=a55ee129-dc3c-11f0-bb28-005056a89546,https://multnomah.granicus.com/AgendaViewer.php?view_id=3&clip_id=3349,Yea,Yea,Yea,Yea,Yea,Not in office,Not in office,Not in office,Not in office,Not in office,Not in office,Not in office
2025-12-11,R.5,,Homelessness Response System - Updated Action Plan & Key Performance Indicators.,"Approves an updated action plan and key performance indicators for the Homelessness Response System, as amended. Vice Chair Brim-Edwards's amendment passed 5–0; she then voted no on the plan.",Other,Approved as amended,Homelessness,Countywide,https://multnomah.granicus.com/MinutesViewer.php?view_id=3&clip_id=3349&doc_id=a55ee129-dc3c-11f0-bb28-005056a89546,https://multnomah.granicus.com/AgendaViewer.php?view_id=3&clip_id=3349,Yea,Yea,Yea,Nay,Yea,Not in office,Not in office,Not in office,Not in office,Not in office,Not in office,Not in office
2025-12-18,R.1,,Ratification of Collective Bargaining Agreement 2025-2028 between Multnomah County and the AFSCME Local 88-2 (Physicians and Psychiatrists).,"Ratifies the 2025–2028 collective bargaining agreement between the County and AFSCME Local 88-2, the physicians' and psychiatrists' unit.",Other,Approved,Labor & Workforce; Health & Social Services,Countywide,https://multnomah.granicus.com/MinutesViewer.php?view_id=3&clip_id=3355&doc_id=d77849c9-f241-11f0-bb28-005056a89546,https://multnomah.granicus.com/AgendaViewer.php?view_id=3&clip_id=3355,Yea,Yea,Yea,Yea,Yea,Not in office,Not in office,Not in office,Not in office,Not in office,Not in office,Not in office
2025-12-18,R.2,,"Resolution Reaffirming and Strengthening the County’s Sanctuary Status, Actions, and Advocacy.","Reaffirms and strengthens the County's sanctuary status, actions and advocacy.",Resolution,Adopted,Civil Rights & Equity,Countywide,https://multnomah.granicus.com/MinutesViewer.php?view_id=3&clip_id=3355&doc_id=d77849c9-f241-11f0-bb28-005056a89546,https://multnomah.granicus.com/AgendaViewer.php?view_id=3&clip_id=3355,Yea,Yea,Yea,Yea,Yea,Not in office,Not in office,Not in office,Not in office,Not in office,Not in office,Not in office
2025-12-18,R.3,,BUDGET MODIFICATION # Chair-002-26: Allocate funding from General Fund Contingency to address impacts of federal policies and actions.,Budget modification from the Chair's office moving money out of General Fund contingency to respond to the impacts of federal policies and actions.,Budget modification,Approved,Budget & Taxes; Government Operations,Countywide,https://multnomah.granicus.com/MinutesViewer.php?view_id=3&clip_id=3355&doc_id=d77849c9-f241-11f0-bb28-005056a89546,https://multnomah.granicus.com/AgendaViewer.php?view_id=3&clip_id=3355,Yea,Yea,Yea,Yea,Yea,Not in office,Not in office,Not in office,Not in office,Not in office,Not in office,Not in office
2025-12-18,R.4,,Approval of the 2026 State Legislative Agenda.,Approves the County's legislative agenda for the 2026 state legislative session.,Other,Approved,Government Operations,Countywide,https://multnomah.granicus.com/MinutesViewer.php?view_id=3&clip_id=3355&doc_id=d77849c9-f241-11f0-bb28-005056a89546,https://multnomah.granicus.com/AgendaViewer.php?view_id=3&clip_id=3355,Yea,Yea,Yea,Yea,Yea,Not in office,Not in office,Not in office,Not in office,Not in office,Not in office,Not in office
2026-01-08,R.4,,"To Adopt and Extend the Declaration of Emergency in Executive Rule 432 Until April 11, 2026, Due to the Impacts of Federal Immigration Enforcement Actions.","Adopts and extends until April 11, 2026, the emergency declared in Executive Rule 432 because of the impacts of federal immigration enforcement actions.",Resolution,Adopted,Civil Rights & Equity; Government Operations,Countywide,https://multnomah.granicus.com/MinutesViewer.php?view_id=3&clip_id=3356&doc_id=b5aba108-edab-11f0-bb28-005056a89546,https://multnomah.granicus.com/AgendaViewer.php?view_id=3&clip_id=3356,Yea,Yea,Absent,Yea,Yea,Not in office,Not in office,Not in office,Not in office,Not in office,Not in office,Not in office
2026-01-15,R.3,,Resolution Approving the Oregon Historical Society Levy Renewal Explanatory Statement and Ballot Title.,Approves the ballot title and explanatory statement for renewing the Oregon Historical Society levy.,Resolution,Adopted,Arts & Culture; Elections,Countywide,https://multnomah.granicus.com/MinutesViewer.php?view_id=3&clip_id=3360&doc_id=c92c6b64-f61d-11f0-bb28-005056a89546,https://multnomah.granicus.com/AgendaViewer.php?view_id=3&clip_id=3360,Yea,Yea,Yea,Yea,Yea,Not in office,Not in office,Not in office,Not in office,Not in office,Not in office,Not in office
2026-01-15,R.4,,Resolution adopting the East Multnomah County Transportation Safety Action Plan.,Adopts the East Multnomah County Transportation Safety Action Plan.,Resolution,Adopted,Transportation,East Multnomah County,https://multnomah.granicus.com/MinutesViewer.php?view_id=3&clip_id=3360&doc_id=c92c6b64-f61d-11f0-bb28-005056a89546,https://multnomah.granicus.com/AgendaViewer.php?view_id=3&clip_id=3360,Yea,Yea,Yea,Yea,Yea,Not in office,Not in office,Not in office,Not in office,Not in office,Not in office,Not in office
2026-01-22,R.1,,2026 Comprehensive Local Plan (CLP) Adoption.,"Adopts the County's 2026 Comprehensive Local Plan, presented by the Health Department director and the interim behavioral health director.",Resolution,Adopted,Health & Social Services,Countywide,https://multnomah.granicus.com/MinutesViewer.php?view_id=3&clip_id=3365&doc_id=f2e75034-f87d-11f0-bb28-005056a89546,https://multnomah.granicus.com/AgendaViewer.php?view_id=3&clip_id=3365,Yea,Yea,Yea,Yea,Yea,Not in office,Not in office,Not in office,Not in office,Not in office,Not in office,Not in office
2026-01-29,R.2,,Resolution to Adopt Main Streets on Halsey Street Design Plan.,Adopts the Main Streets on Halsey Street design plan.,Resolution,Adopted,Transportation,Countywide,https://multnomah.granicus.com/MinutesViewer.php?view_id=3&clip_id=3370&doc_id=e32a01d0-fe2b-11f0-bb28-005056a89546,https://multnomah.granicus.com/AgendaViewer.php?view_id=3&clip_id=3370,Yea,Yea,Yea,Yea,Yea,Not in office,Not in office,Not in office,Not in office,Not in office,Not in office,Not in office
2026-01-29,R.3,,Ratification of Collective Bargaining Agreement 2025-2028 between Multnomah County and the American Federation of State County and Municipal Employees (AFSCME) Local 88.,Ratifies the 2025–2028 collective bargaining agreement between the County and AFSCME Local 88.,Other,Approved,Labor & Workforce,Countywide,https://multnomah.granicus.com/MinutesViewer.php?view_id=3&clip_id=3370&doc_id=e32a01d0-fe2b-11f0-bb28-005056a89546,https://multnomah.granicus.com/AgendaViewer.php?view_id=3&clip_id=3370,Yea,Yea,Yea,Yea,Yea,Not in office,Not in office,Not in office,Not in office,Not in office,Not in office,Not in office
2026-02-05,R.1,,Multnomah County Animal Services Board Resolution related to MCAS fees.,Adopts a resolution on Multnomah County Animal Services fees.,Resolution,Adopted,Animal Services; Budget & Taxes,Countywide,https://multnomah.granicus.com/MinutesViewer.php?view_id=3&clip_id=3377&doc_id=a732a5c5-084a-11f1-bb28-005056a89546,https://multnomah.granicus.com/AgendaViewer.php?view_id=3&clip_id=3377,Yea,Yea,Yea,Yea,Yea,Not in office,Not in office,Not in office,Not in office,Not in office,Not in office,Not in office
2026-02-12,R.2,,Ratification of Collective Bargaining Agreement 2025-2028 between Multnomah County and the AFSCME Local 88-4 (Pharmacists Unit).,"Ratifies the 2025–2028 collective bargaining agreement between the County and AFSCME Local 88-4, the pharmacists' unit.",Other,Approved,Labor & Workforce,Countywide,https://multnomah.granicus.com/MinutesViewer.php?view_id=3&clip_id=3382&doc_id=c39e553a-0923-11f1-bb28-005056a89546,https://multnomah.granicus.com/AgendaViewer.php?view_id=3&clip_id=3382,Yea,Yea,Yea,Yea,Yea,Not in office,Not in office,Not in office,Not in office,Not in office,Not in office,Not in office
2026-02-19,R.1,,"Resolution Declaring the East County Office Building, Located at 18600 SE Stark St, Gresham, Oregon as Surplus; and Approving the Terms of a Lease.",Declares the East County Office Building at 18600 SE Stark St. in Gresham surplus property and approves the terms of a lease.,Resolution,Adopted,Government Operations,Gresham,https://multnomah.granicus.com/MinutesViewer.php?view_id=3&clip_id=3386&doc_id=ed6cce21-1409-11f1-bb28-005056a89546,https://multnomah.granicus.com/AgendaViewer.php?view_id=3&clip_id=3386,Absent,Yea,Yea,Yea,Yea,Not in office,Not in office,Not in office,Not in office,Not in office,Not in office,Not in office
2026-02-19,R.2,,Resolution Establishing Multnomah County’s Commitment to Investigate and Provide a Plan for How the County Can Require Financial Assurances from CEI Owner/Operators.,"Commits the County to investigate how it can require financial assurances from owners and operators of CEI facilities, and to produce a plan for doing so.",Resolution,Adopted,Environment & Energy; Business Regulation,Countywide,https://multnomah.granicus.com/MinutesViewer.php?view_id=3&clip_id=3386&doc_id=ed6cce21-1409-11f1-bb28-005056a89546,https://multnomah.granicus.com/AgendaViewer.php?view_id=3&clip_id=3386,Absent,Yea,Yea,Yea,Yea,Not in office,Not in office,Not in office,Not in office,Not in office,Not in office,Not in office
2026-02-26,R.3,,Resolution Establishing Policies for the House Bill 4002 Deflection Program.,Sets County policies for the deflection program created under House Bill 4002. Adopted as amended after six amendments; one passed 4–1 with Commissioner Moyer voting no.,Resolution,Adopted as amended,Public Safety; Health & Social Services,Countywide,https://multnomah.granicus.com/MinutesViewer.php?view_id=3&clip_id=3390&doc_id=d292fb7f-140e-11f1-bb28-005056a89546,https://multnomah.granicus.com/AgendaViewer.php?view_id=3&clip_id=3390,Yea,Yea,Yea,Yea,Yea,Not in office,Not in office,Not in office,Not in office,Not in office,Not in office,Not in office
2026-03-05,R.2,,Transportation Fee Study Recommendations and Resolution to Update Fees.,Updates County transportation fees based on the recommendations of a transportation fee study.,Resolution,Adopted,Transportation; Budget & Taxes,Countywide,https://multnomah.granicus.com/MinutesViewer.php?view_id=3&clip_id=3397&doc_id=f11e635e-1d5c-11f1-bb28-005056a89546,https://multnomah.granicus.com/AgendaViewer.php?view_id=3&clip_id=3397,Yea,Yea,Yea,Yea,Yea,Not in office,Not in office,Not in office,Not in office,Not in office,Not in office,Not in office
2026-03-12,R.2,,Resolution Approving the Project Plan for Construction for the Sobering and Crisis Stabilization Center per the FAC-1 Administrative Procedure.,Approves the construction project plan for the Sobering and Crisis Stabilization Center under the County's FAC-1 procedure for capital projects.,Resolution,Adopted,Health & Social Services,Countywide,https://multnomah.granicus.com/MinutesViewer.php?view_id=3&clip_id=3400&doc_id=4b0502cb-1f17-11f1-bb28-005056a89546,https://multnomah.granicus.com/AgendaViewer.php?view_id=3&clip_id=3400,Yea,Yea,Yea,Yea,Yea,Not in office,Not in office,Not in office,Not in office,Not in office,Not in office,Not in office
2026-03-19,R.3,,Authorizing Execution of Intergovernmental Agreement with City of Portland Auditor for Initiative Petition Processing Partnership.,Authorizes an intergovernmental agreement with the City of Portland Auditor to partner on processing initiative petitions.,Intergovernmental agreement,Approved,Elections,Countywide,https://multnomah.granicus.com/MinutesViewer.php?view_id=3&clip_id=3406&doc_id=8e7db693-2480-11f1-bb28-005056a89546,https://multnomah.granicus.com/AgendaViewer.php?view_id=3&clip_id=3406,Yea,Yea,Absent,Yea,Yea,Not in office,Not in office,Not in office,Not in office,Not in office,Not in office,Not in office
2026-03-19,R.4,,Resolution Adopting Rules for Board Meetings and Repealing Resolution 2013-021.,"Adopts new rules for Board meetings, replacing the rules set in 2013 (Resolution 2013-021).",Resolution,Adopted,Government Transparency; Government Operations,Countywide,https://multnomah.granicus.com/MinutesViewer.php?view_id=3&clip_id=3406&doc_id=8e7db693-2480-11f1-bb28-005056a89546,https://multnomah.granicus.com/AgendaViewer.php?view_id=3&clip_id=3406,Yea,Yea,Absent,Yea,Yea,Not in office,Not in office,Not in office,Not in office,Not in office,Not in office,Not in office
2026-04-09,R.1,,Resolution Consenting to Chair Vega Pederson’s Appointment of Nathaniel VerGow as the Director of the Homeless Services Department.,Consents to Chair Vega Pederson's appointment of Nathaniel VerGow as director of the Homeless Services Department.,Resolution,Approved,Homelessness; Government Operations,Countywide,https://multnomah.granicus.com/MinutesViewer.php?view_id=3&clip_id=3416&doc_id=37c16d93-3506-11f1-bb28-005056a89546,https://multnomah.granicus.com/AgendaViewer.php?view_id=3&clip_id=3416,Yea,Yea,Nay,Yea,Nay,Not in office,Not in office,Not in office,Not in office,Not in office,Not in office,Not in office
2026-04-09,R.2,,Sanctuary County Ordinance by Emergency.,"Emergency ordinance recognizing the County's sanctuary protections, setting protocols for how the County interacts with federal civil immigration enforcement, and protecting County resources and data.",Emergency ordinance,Adopted,Civil Rights & Equity; Government Operations,Countywide,https://multnomah.granicus.com/MinutesViewer.php?view_id=3&clip_id=3416&doc_id=37c16d93-3506-11f1-bb28-005056a89546,https://multnomah.granicus.com/AgendaViewer.php?view_id=3&clip_id=3416,Yea,Yea,Yea,Yea,Yea,Not in office,Not in office,Not in office,Not in office,Not in office,Not in office,Not in office
2026-04-09,R.3,,Sanctuary County Resolution by Emergency.,"Resolution, adopted by emergency and as amended, recognizing the County's sanctuary protections and protocols for interacting with federal civil immigration enforcement, and protecting County resources and data.",Resolution,Adopted as amended,Civil Rights & Equity; Government Operations,Countywide,https://multnomah.granicus.com/MinutesViewer.php?view_id=3&clip_id=3416&doc_id=37c16d93-3506-11f1-bb28-005056a89546,https://multnomah.granicus.com/AgendaViewer.php?view_id=3&clip_id=3416,Yea,Yea,Yea,Yea,Yea,Not in office,Not in office,Not in office,Not in office,Not in office,Not in office,Not in office
2026-04-23,R.1,,RESOLUTION Approving the Multnomah County Library District’s Proposed Fiscal Year 2027 Budget for Submittal to the Tax Supervising and Conservation Commission.,"Approves the Multnomah County Library District's proposed fiscal year 2027 budget, as amended, for submittal to the Tax Supervising and Conservation Commission.",Resolution,Adopted as amended,FY Budget; Libraries,Countywide,https://multnomah.granicus.com/MinutesViewer.php?view_id=3&clip_id=3431&doc_id=af3d0db0-3f54-11f1-bb28-005056a89546,https://multnomah.granicus.com/AgendaViewer.php?view_id=3&clip_id=3431,Absent,Yea,Yea,Yea,Yea,Not in office,Not in office,Not in office,Not in office,Not in office,Not in office,Not in office
2026-04-23,R.2,,RESOLUTION Approving the Chair’s Proposed Fiscal Year 2027 Budget for Submittal to the Tax Supervising and Conservation Commission.,"Approves Chair Vega Pederson's proposed fiscal year 2027 budget for submittal to the Tax Supervising and Conservation Commission, with the Board sitting as the Budget Committee. Commissioner Brim-Edwards voted no; the Chair was absent.",Resolution,Adopted,FY Budget,Countywide,https://multnomah.granicus.com/MinutesViewer.php?view_id=3&clip_id=3431&doc_id=af3d0db0-3f54-11f1-bb28-005056a89546,https://multnomah.granicus.com/AgendaViewer.php?view_id=3&clip_id=3431,Absent,Yea,Yea,Nay,Yea,Not in office,Not in office,Not in office,Not in office,Not in office,Not in office,Not in office
2026-05-07,R.1,,Ratification of Collective Bargaining Agreement 2025-2028 between Multnomah County and the Oregon Nurses Association (ONA).,Ratifies the 2025–2028 collective bargaining agreement between the County and the Oregon Nurses Association (ONA).,Other,Approved,Labor & Workforce,Countywide,https://multnomah.granicus.com/MinutesViewer.php?view_id=3&clip_id=3457&doc_id=63d12e8a-4d69-11f1-9b4d-005056a89546,https://multnomah.granicus.com/AgendaViewer.php?view_id=3&clip_id=3457,Yea,Yea,Yea,Yea,Yea,Not in office,Not in office,Not in office,Not in office,Not in office,Not in office,Not in office
2026-05-07,UC.1,,BUDGET MODIFICATION #D2-001-26: Homeless Services Department Shelter Transition.,"Budget modification for the Homeless Services Department's shelter transition, taken up under unanimous consent. A first roll call was 4–1 with Commissioner Brim-Edwards voting no; the Board then approved her amendment 5–0 and approved the modification as amended 5–0.",Budget modification,Approved as amended,Homelessness; Budget & Taxes,Countywide,https://multnomah.granicus.com/MinutesViewer.php?view_id=3&clip_id=3457&doc_id=63d12e8a-4d69-11f1-9b4d-005056a89546,https://multnomah.granicus.com/AgendaViewer.php?view_id=3&clip_id=3457,Yea,Yea,Yea,Yea,Yea,Not in office,Not in office,Not in office,Not in office,Not in office,Not in office,Not in office
2026-05-21,R.3,,Resolution initiating a Gap Analysis of the County’s Preschool for All Program.,"Starts a gap analysis of the County's Preschool for All program. Adopted as amended, with an amendment from Chair Vega Pederson.",Resolution,Adopted as amended,Early Childhood & Education,Countywide,https://multnomah.granicus.com/MinutesViewer.php?view_id=3&clip_id=3495&doc_id=cd9e6e19-55fe-11f1-9b4d-005056a89546,https://multnomah.granicus.com/AgendaViewer.php?view_id=3&clip_id=3495,Yea,Yea,Yea,Yea,Yea,Not in office,Not in office,Not in office,Not in office,Not in office,Not in office,Not in office
2026-05-21,R.4,,Resolution Amending the Public Contracting Review Board (PCRB) Rules to Allow for Greater Flexibility with the Construction Diversity Equity Fund.,Amends the Public Contracting Review Board rules to allow more flexibility in how the Construction Diversity and Equity Fund is used.,Resolution,Adopted,Civil Rights & Equity; Economic Development,Countywide,https://multnomah.granicus.com/MinutesViewer.php?view_id=3&clip_id=3495&doc_id=cd9e6e19-55fe-11f1-9b4d-005056a89546,https://multnomah.granicus.com/AgendaViewer.php?view_id=3&clip_id=3495,Yea,Yea,Yea,Yea,Yea,Not in office,Not in office,Not in office,Not in office,Not in office,Not in office,Not in office
2026-05-28,R.1,,Resolution Consenting to Chair Vega Pederson’s Appointment of Rachel Pearl as the Director of the Department of County Human Services.,Consents to Chair Vega Pederson's appointment of Rachel Pearl as director of the Department of County Human Services.,Resolution,Adopted,Government Operations; Health & Social Services,Countywide,https://multnomah.granicus.com/MinutesViewer.php?view_id=3&clip_id=3505&doc_id=a0fd88f6-5b91-11f1-9b4d-005056a89546,https://multnomah.granicus.com/AgendaViewer.php?view_id=3&clip_id=3505,Yea,Yea,Yea,Yea,Yea,Not in office,Not in office,Not in office,Not in office,Not in office,Not in office,Not in office
2026-05-28,R.2,,Ratification of Collective Bargaining Agreement 2025-2028 between Multnomah County and the Multnomah County Corrections Deputies Association (MCCDA).,Ratifies the 2025–2028 collective bargaining agreement between the County and the Multnomah County Corrections Deputies Association (MCCDA).,Other,Approved,Labor & Workforce; Public Safety,Countywide,https://multnomah.granicus.com/MinutesViewer.php?view_id=3&clip_id=3505&doc_id=a0fd88f6-5b91-11f1-9b4d-005056a89546,https://multnomah.granicus.com/AgendaViewer.php?view_id=3&clip_id=3505,Yea,Yea,Yea,Yea,Yea,Not in office,Not in office,Not in office,Not in office,Not in office,Not in office,Not in office
2026-06-04,R.1,,"Resolution Adopting the Fiscal Year 2027 Budget for the Multnomah County Library District and Making Appropriations Thereunder, Pursuant to ORS 294.456.","Adopts the Multnomah County Library District's fiscal year 2027 budget and makes its appropriations, with the commissioners sitting as the district's governing body.",Resolution,Adopted,FY Budget; Libraries,Countywide,https://multnomah.granicus.com/MinutesViewer.php?view_id=3&clip_id=3516&doc_id=2aeb4190-642d-11f1-9b4d-005056a89546,https://multnomah.granicus.com/AgendaViewer.php?view_id=3&clip_id=3516,Yea,Yea,Yea,Yea,Yea,Not in office,Not in office,Not in office,Not in office,Not in office,Not in office,Not in office
2026-06-04,R.10,,Authorizing Salary Adjustments for Employees Not Covered by Collective Bargaining Agreements for Fiscal Year 2026-2027.,Authorizes fiscal year 2026–2027 salary adjustments for County employees not covered by collective bargaining agreements.,Resolution,Approved,Labor & Workforce; FY Budget,Countywide,https://multnomah.granicus.com/MinutesViewer.php?view_id=3&clip_id=3516&doc_id=2aeb4190-642d-11f1-9b4d-005056a89546,https://multnomah.granicus.com/AgendaViewer.php?view_id=3&clip_id=3516,Yea,Nay,Yea,Nay,Yea,Not in office,Not in office,Not in office,Not in office,Not in office,Not in office,Not in office
2026-06-04,R.11,,Approving the Fiscal Year 2027 Fee Schedule for Multnomah County and Repealing Prior Fee Resolution.,Approves the County's fiscal year 2027 fee schedule and repeals the prior fee resolution.,Resolution,Approved,FY Budget; Budget & Taxes,Countywide,https://multnomah.granicus.com/MinutesViewer.php?view_id=3&clip_id=3516&doc_id=2aeb4190-642d-11f1-9b4d-005056a89546,https://multnomah.granicus.com/AgendaViewer.php?view_id=3&clip_id=3516,Yea,Yea,Yea,Nay,Yea,Not in office,Not in office,Not in office,Not in office,Not in office,Not in office,Not in office
2026-06-04,R.2,,"Resolution Levying Ad Valorem Property Taxes for the Multnomah County Library District, Oregon, for Fiscal Year 2027.",Levies the Multnomah County Library District's property taxes for fiscal year 2027.,Resolution,Adopted,FY Budget; Libraries; Budget & Taxes,Countywide,https://multnomah.granicus.com/MinutesViewer.php?view_id=3&clip_id=3516&doc_id=2aeb4190-642d-11f1-9b4d-005056a89546,https://multnomah.granicus.com/AgendaViewer.php?view_id=3&clip_id=3516,Yea,Yea,Yea,Yea,Yea,Not in office,Not in office,Not in office,Not in office,Not in office,Not in office,Not in office
2026-06-04,R.5,,"Public Hearing and Consideration of a RESOLUTION Adopting the Fiscal Year 2027 Budget for Multnomah County and Making Appropriations Thereunder, Pursuant to ORS 294.456.","Adopts Multnomah County's fiscal year 2027 budget and makes its appropriations, after a public hearing and roll calls on dozens of Board amendments. Commissioner Brim-Edwards voted no.",Resolution,Adopted as amended,FY Budget,Countywide,https://multnomah.granicus.com/MinutesViewer.php?view_id=3&clip_id=3516&doc_id=2aeb4190-642d-11f1-9b4d-005056a89546,https://multnomah.granicus.com/AgendaViewer.php?view_id=3&clip_id=3516,Yea,Yea,Yea,Nay,Yea,Not in office,Not in office,Not in office,Not in office,Not in office,Not in office,Not in office
2026-06-04,R.6,,"Resolution Levying Ad Valorem Property Taxes for Multnomah County, Oregon, for Fiscal Year 2027.",Levies Multnomah County's property taxes for fiscal year 2027.,Resolution,Adopted,FY Budget; Budget & Taxes,Countywide,https://multnomah.granicus.com/MinutesViewer.php?view_id=3&clip_id=3516&doc_id=2aeb4190-642d-11f1-9b4d-005056a89546,https://multnomah.granicus.com/AgendaViewer.php?view_id=3&clip_id=3516,Yea,Yea,Yea,Yea,Yea,Not in office,Not in office,Not in office,Not in office,Not in office,Not in office,Not in office
2026-06-18,R.1,,Public Hearing and Adoption of a Resolution Establishing Fees for Building Permits and Other Related Permits administered by City of Portland pursuant to Chapter 29 of the Multnomah County Code and Repealing Resolution No. 2025-049; Establishing Land Use Services Fees administered by City of Portland pursuant to Chapter 39 of the Multnomah County Code and Partially Repealing Resolution No. 2025-043.,"Sets the fees for building permits and land use services that the City of Portland administers for the County under County Code Chapters 29 and 39, replacing earlier fee resolutions.",Resolution,Adopted,Land Use & Planning; Budget & Taxes,Countywide,https://multnomah.granicus.com/MinutesViewer.php?view_id=3&clip_id=3524&doc_id=7bd4d990-6b46-11f1-9494-005056a89546,https://multnomah.granicus.com/AgendaViewer.php?view_id=3&clip_id=3524,Yea,Yea,Yea,Yea,Yea,Not in office,Not in office,Not in office,Not in office,Not in office,Not in office,Not in office
2026-06-25,R.2,,"Second Reading of Ordinance Establishing Safe School Zones in Multnomah County, Oregon.","Adopts an ordinance establishing Safe School Zones in Multnomah County, after the second reading was amended on June 11.",Ordinance,Adopted,Public Safety,Countywide,https://multnomah.granicus.com/MinutesViewer.php?view_id=3&clip_id=3532&doc_id=1956ee57-70e4-11f1-9494-005056a89546,https://multnomah.granicus.com/AgendaViewer.php?view_id=3&clip_id=3532,Yea,Yea,Yea,Yea,Yea,Not in office,Not in office,Not in office,Not in office,Not in office,Not in office,Not in office
2026-06-25,R.4,,Moderate-Income Revolving Loan (MIRL) Program: Authorization to sign an Intergovernmental Agreement with the Oregon Housing and Community Services Department.,Authorizes an intergovernmental agreement with Oregon Housing and Community Services for the Moderate-Income Revolving Loan (MIRL) program.,Intergovernmental agreement,Approved,Housing,Countywide,https://multnomah.granicus.com/MinutesViewer.php?view_id=3&clip_id=3532&doc_id=1956ee57-70e4-11f1-9494-005056a89546,https://multnomah.granicus.com/AgendaViewer.php?view_id=3&clip_id=3532,Yea,Nay,Yea,Yea,Yea,Not in office,Not in office,Not in office,Not in office,Not in office,Not in office,Not in office
2026-06-25,R.6,,"Resolution to approve a revised Franchise Agreement for Cable Services Between Comcast of Illinois/Ohio/Oregon, LLC, Multnomah County, and the Cities of Fairview, Troutdale, and Wood Village.","Approves a revised cable franchise agreement between Comcast, the County and the cities of Fairview, Troutdale and Wood Village.",Resolution,Approved,Business Regulation; Government Operations,Fairview; Troutdale; Wood Village,https://multnomah.granicus.com/MinutesViewer.php?view_id=3&clip_id=3532&doc_id=1956ee57-70e4-11f1-9494-005056a89546,https://multnomah.granicus.com/AgendaViewer.php?view_id=3&clip_id=3532,Absent,Yea,Yea,Yea,Absent,Not in office,Not in office,Not in office,Not in office,Not in office,Not in office,Not in office
2026-07-02,R.1,,Adopting a Population Emergency Release Plan for the Department of Community Justice Juvenile Services Division (JSD) Facilities to be Implemented in accordance with ORS § 419A.055 in the event that the maximum capacity of the juvenile detention facility is exceeded.,"Adopts a population emergency release plan for the Department of Community Justice's juvenile detention facilities, to be used under state law (ORS 419A.055) if the detention facility exceeds its maximum capacity. Adopted as amended; a second amendment from Commissioner Brim-Edwards, to section 3 of the addendum, failed 2–3.",Resolution,Adopted as amended,Public Safety,Countywide,https://multnomah.granicus.com/MinutesViewer.php?view_id=3&clip_id=3540&doc_id=af9f6ff2-7665-11f1-9494-005056a89546,https://multnomah.granicus.com/AgendaViewer.php?view_id=3&clip_id=3540,Yea,Yea,Yea,Yea,Yea,Not in office,Not in office,Not in office,Not in office,Not in office,Not in office,Not in office
2026-07-02,R.4,,Resolution to adopt Safer Sandy Boulevard Concept Design.,Adopts the Safer Sandy Boulevard concept design.,Resolution,Adopted,Transportation,Countywide,https://multnomah.granicus.com/MinutesViewer.php?view_id=3&clip_id=3540&doc_id=af9f6ff2-7665-11f1-9494-005056a89546,https://multnomah.granicus.com/AgendaViewer.php?view_id=3&clip_id=3540,Yea,Yea,Yea,Yea,Yea,Not in office,Not in office,Not in office,Not in office,Not in office,Not in office,Not in office
2026-07-16,R.3,,Ratification of Collective Bargaining Agreement 2025-2028 between Multnomah County and the AFSCME Local 88-5 (Dentists Unit).,"Ratifies the 2025–2028 collective bargaining agreement between the County and AFSCME Local 88-5, the dentists' unit.",Other,Approved,Labor & Workforce,Countywide,https://multnomah.granicus.com/MinutesViewer.php?view_id=3&clip_id=3547&doc_id=ddf52753-81e0-11f1-98fd-005056a89546,https://multnomah.granicus.com/AgendaViewer.php?view_id=3&clip_id=3547,Yea,Yea,Yea,Yea,Yea,Not in office,Not in office,Not in office,Not in office,Not in office,Not in office,Not in office
2026-07-16,R.4,,Ratification of Collective Bargaining Agreement 2026-2029 between Multnomah County and the AFSCME Local 88-6 (JCSS Unit).,"Ratifies the 2026–2029 collective bargaining agreement between the County and AFSCME Local 88-6, the JCSS unit.",Other,Approved,Labor & Workforce,Countywide,https://multnomah.granicus.com/MinutesViewer.php?view_id=3&clip_id=3547&doc_id=ddf52753-81e0-11f1-98fd-005056a89546,https://multnomah.granicus.com/AgendaViewer.php?view_id=3&clip_id=3547,Yea,Yea,Yea,Yea,Yea,Not in office,Not in office,Not in office,Not in office,Not in office,Not in office,Not in office
2026-07-23,R.1,,Second Reading Labor Harmony Ordinance.,Adopts the Labor Harmony Ordinance on second reading.,Ordinance,Adopted,Labor & Workforce,Countywide,https://multnomah.granicus.com/MinutesViewer.php?view_id=3&clip_id=3551&doc_id=9a2771d2-8773-11f1-bb61-005056a89546,https://multnomah.granicus.com/AgendaViewer.php?view_id=3&clip_id=3551,Yea,Yea,Yea,Yea,Yea,Not in office,Not in office,Not in office,Not in office,Not in office,Not in office,Not in office
2026-08-06,R.1,,Resolution Affirming the County’s Commitment to the Renovation of the Moda Center Arena.,"Affirms the County's commitment to the renovation of the Moda Center arena. Adopted as amended at a special meeting after roll calls on eight amendments, several of them split; Commissioner Moyer voted no on final adoption.",Resolution,Adopted as amended,Economic Development,Countywide,https://multnomah.granicus.com/MinutesViewer.php?view_id=3&clip_id=3554&doc_id=4b498b45-927d-11f1-bb61-005056a89546,https://multnomah.granicus.com/AgendaViewer.php?view_id=3&clip_id=3554,Yea,Nay,Yea,Yea,Yea,Not in office,Not in office,Not in office,Not in office,Not in office,Not in office,Not in office
2026-08-13,R.2,,Appeal of DCHS Interim Director’s decision to adopt the Multnomah County Administrative Rule (MCAR) for the licensure and regulation of Adult Care Homes.,Adopts an order on an appeal of the Department of County Human Services interim director's decision to adopt a County administrative rule for licensing and regulating adult care homes. The minutes' summary doesn't say whether the appeal was granted.,Order,Adopted,Health & Social Services; Business Regulation,Countywide,https://multnomah.granicus.com/MinutesViewer.php?view_id=3&clip_id=3561&doc_id=9264025a-97f9-11f1-bb61-005056a89546,https://multnomah.granicus.com/AgendaViewer.php?view_id=3&clip_id=3561,Yea,Yea,Yea,Yea,Yea,Not in office,Not in office,Not in office,Not in office,Not in office,Not in office,Not in office
2026-08-20,R.3,,"Resolution Approving Termination of Low Income Housing Development Agreement for 722, 732 and 736 NE Couch Street.","Ends a low-income housing development agreement for the properties at 722, 732 and 736 NE Couch Street.",Resolution,Approved,Housing,Countywide,https://multnomah.granicus.com/MinutesViewer.php?view_id=3&clip_id=3570&doc_id=21c47284-9d56-11f1-8db5-005056a89546,https://multnomah.granicus.com/AgendaViewer.php?view_id=3&clip_id=3570,Nay,Yea,Nay,Yea,Yea,Not in office,Not in office,Not in office,Not in office,Not in office,Not in office,Not in office
2026-08-27,R.1,,Public Hearing and Second Reading of Ordinance Amending MCC Chapter 11.500 – Preschool For All Program Income Tax to Reflect Certain Administrative Code Changes.,"Second reading and adoption of an ordinance amending County Code Chapter 11.500, the Preschool for All personal income tax, to make administrative code changes.",Ordinance,Adopted,Early Childhood & Education; Budget & Taxes,Countywide,https://multnomah.granicus.com/MinutesViewer.php?view_id=3&clip_id=3575&doc_id=9a3cebd8-a303-11f1-a028-005056a89546,https://multnomah.granicus.com/AgendaViewer.php?view_id=3&clip_id=3575,Yea,Yea,Yea,Yea,Yea,Not in office,Not in office,Not in office,Not in office,Not in office,Not in office,Not in office
2026-08-27,R.2,,Public Hearing and Second Reading of Ordinance Amending MCC Chapter 11.500 - Preschool For All Program Income Tax to Reflect Certain Administrative Code Changes.,"Second reading and adoption, as amended and as an emergency ordinance, of a second ordinance amending County Code Chapter 11.500, the Preschool for All income tax. The Board approved an amendment from Commissioner Moyer 5–0 first.",Emergency ordinance,Adopted as amended,Early Childhood & Education; Budget & Taxes,Countywide,https://multnomah.granicus.com/MinutesViewer.php?view_id=3&clip_id=3575&doc_id=9a3cebd8-a303-11f1-a028-005056a89546,https://multnomah.granicus.com/AgendaViewer.php?view_id=3&clip_id=3575,Yea,Yea,Yea,Yea,Yea,Not in office,Not in office,Not in office,Not in office,Not in office,Not in office,Not in office
2026-08-27,R.3,,Resolution Approving the FAC-1 Project Plan for Design of the Department of Community Justice (DCJ) East Campus Expansion Project.,"Approves the project plan for designing an expansion of the Department of Community Justice's East Campus, under the County's FAC-1 procedure for capital projects.",Resolution,Approved,Public Safety; Government Operations,Countywide,https://multnomah.granicus.com/MinutesViewer.php?view_id=3&clip_id=3575&doc_id=9a3cebd8-a303-11f1-a028-005056a89546,https://multnomah.granicus.com/AgendaViewer.php?view_id=3&clip_id=3575,Yea,Yea,Yea,Yea,Yea,Not in office,Not in office,Not in office,Not in office,Not in office,Not in office,Not in office
2026-08-27,R.4,,Resolution Adopting the Multnomah County 2026 Climate Justice Plan.,"Adopts the Multnomah County 2026 Climate Justice Plan, as amended. Of the two amendments approved first, Commissioner Brim-Edwards's passed 4–1 with Commissioner Singleton voting no.",Resolution,Adopted as amended,Environment & Energy,Countywide,https://multnomah.granicus.com/MinutesViewer.php?view_id=3&clip_id=3575&doc_id=9a3cebd8-a303-11f1-a028-005056a89546,https://multnomah.granicus.com/AgendaViewer.php?view_id=3&clip_id=3575,Yea,Yea,Yea,Yea,Yea,Not in office,Not in office,Not in office,Not in office,Not in office,Not in office,Not in office
2026-09-10,R.2,,"Ordinance Amending Multnomah County’s Comprehensive Plan, Zoning Map and Zoning Code to Incorporate Amendments to the City of Portland’s Comprehensive Plan, Zoning Map and Zoning Code (Title 33) adopting the Affordable Housing Opportunities Project, the Code Alignment Project, the Public Infrastructure Environmental Code, and Regulatory Improvement Code Amendment Package 11; and Declaring an Emergency.","Adds the City of Portland's recent planning code changes (the Affordable Housing Opportunities Project, the Code Alignment Project, the Public Infrastructure Environmental Code and Regulatory Improvement Code Amendment Package 11) to the County's comprehensive plan, zoning map and zoning code. Adopted as an emergency ordinance.",Emergency ordinance,Adopted,Land Use & Planning; Housing,Countywide,https://multnomah.granicus.com/MinutesViewer.php?view_id=3&clip_id=3583&doc_id=3ed5770e-ad57-11f1-a183-005056a89546,https://multnomah.granicus.com/AgendaViewer.php?view_id=3&clip_id=3583,Yea,Absent,Yea,Absent,Yea,Not in office,Not in office,Not in office,Not in office,Not in office,Not in office,Not in office
2026-09-17,R.3,,"Resolution Approving a Room-Block Agreement (RBA) at the Motel Located at 4911 NE 82nd Ave, Portland, Oregon.",Approves an agreement reserving a block of rooms at a motel at 4911 NE 82nd Ave. in Portland. The Homeless Services Department's director presented it.,Resolution,Approved,Homelessness,Portland,https://multnomah.granicus.com/MinutesViewer.php?view_id=3&clip_id=3587&doc_id=8a00a94b-b4fa-11f1-a7dc-005056a89546,https://multnomah.granicus.com/AgendaViewer.php?view_id=3&clip_id=3587,Yea,Absent,Yea,Yea,Yea,Not in office,Not in office,Not in office,Not in office,Not in office,Not in office,Not in office
